№,Полное наименование кладбищ,Адрес,Район города,Руководитель,Телефон,Факс,Режим работы,Примечания
1,Богословское,"195271, Санкт Петербург, пр.Мечникова, д.31",КАЛИНИНСКИЙ,"ООО «АЛЬЯНС»
195271, Санкт-Петербург,                пр. Мечникова. д.31, лит. А. 
Директор Зайко
Владимир Андреевич
",544-75-23,544-75-23,"Кладбища ежедневно открыты для посещений, захоронений и оформления заказов 
с октября по апрель         с 9 до 17 часов, 
с мая по сентябрь            с 9 до 18 часов.
Выходной день -              1 января.
",общественное кладбище смешанного способа погребения безвозмездно предоставляются участки земли для погребения
2,Ковалевское кладбище,"188640,
Ленинградская обл., Всеволожский район, платформа Ковалево",ВСЕВОЛОЖСКИЙ,"ООО «РИТЭК» 
195027, Санкт-Петербург,          пр. Металистов, д.5, лит. А.
Генеральный директор Фадеев Сергей Станиславович
",956-07-74,956-07-74,"Кладбища ежедневно открыты для посещений, захоронений и оформления заказов 
с октября по апрель         с 9 до 17 часов, 
с мая по сентябрь             с 9 до 18 часов.
Выходной день -              1 января.
",общественное кладбище традиционного способа погребения безвозмездно предоставляются участки земли для погребения
3,Южное ,"196140,
Санкт-Петербург, Волхонское шосссе,дом 1 ",МОСКОВСКИЙ,"ООО «Виалин»
196140, Санкт-петербург, шоссе Волхонское, д.1, лит. Б.
Генеральный директор Киселев
Александр Рэмович
",749-85-80,749-85-80,"Кладбища ежедневно открыты для посещений, захоронений и оформления заказов 
с октября по апрель         с 9 до 17 часов, 
с мая по сентябрь               с 9 до 18 часов.
Выходной день -              1 января.
",общественное кладбище традиционного способа погребения безвозмездно предоставляются участки земли для погребения
4,Никольское кладбище,"191167,
Санкт-Петербург, наб. р. Монастырки, д. 1, литера А",ЦЕНТРАЛЬНЫЙ,"ООО «ОНИКС»
192007, Санкт-Петербург, проезд Росстанный, д.3.
Генеральный директор Шутов
Олег Николаевич
",274-29-52,274-29-52,"Кладбища ежедневно открыты для посещений, захоронений и оформления заказов 
с октября по апрель         с 9 до 17 часов, 
с мая по сентябрь     с 9 до 18 часов.
Выходной день -              1 января.
",историко-мемориальное безвозмездно предоставляются участки земли для погребения
5,Комм. Площадка Александро-Невской лавры,"191167, 
Санкт-Петербург, наб.р. Монастырки, д. 1, литера В",ЦЕНТРАЛЬНЫЙ,"ООО «ОНИКС»
192007, Санкт-Петербург, проезд Росстанный, д.3.
Генеральный директор Шутов
Олег Николаевич
",274-29-52,274-29-52,"Кладбища ежедневно открыты для посещений, захоронений и оформления заказов 
с октября по апрель         с 9 до 17 часов, 
с мая по сентябрь                с 9 до 18 часов.
Выходной день -              1 января.
","общественное кладбище безвозмездно предоставляются участки земли
для погребения, с захоронениями после кремации
"
6,Северное ,"194362,
Санкт-Петербург, Северное кладбище, д.1",ВЫБОРГСКИЙ,"ООО «СИЭМ»
194294, Санкт-Петербург,             п. Парголово, территория северное кладбище, д.1,            лит. А.
Директор Кириллов
Сергей Александрович
",594-86-26,594-86-26,"Кладбища ежедневно открыты для посещений, захоронений и оформления заказов 
с октября по апрель         с 9 до 17 часов, 
с мая по сентябрь                с 9 до 18 часов.
Выходной день -              1 января.
",общественное кладбище смешанного способа погребения безвозмездно предоставляются участки земли для погребения
7,Шуваловское  ,"194356,
Санкт-Петербург, Выборгское шоссе, д.108, корп.3",ВЫБОРГСКИЙ,"ООО «СИЭМ»
194294, Санкт-Петербург,             п. Парголово, территория северное кладбище, д.1,            лит. А.
Директор Кириллов
Сергей Александрович
",520-18-96,520-18-96,"Кладбища ежедневно открыты для посещений, захоронений и оформления заказов 
с октября по апрель         с 9 до 17 часов, 
с мая по сентябрь     с 9 до 18 часов.
Выходной день -              1 января.
",общественное кладбище смешанного способа погребения безвозмездно предоставляются участки земли для погребения
8,"Воинское кладбище ""Дом Лесника""","188640,
Санкт-Петербург, дор.в Каменку, д.37",ВЫБОРГСКИЙ,"ООО «СИЭМ»
194294, Санкт-Петербург,             п. Парголово, территория северное кладбище, д.1,            лит. А.
Директор Кириллов
Сергей Александрович
",594-86-26,594-86-26,"Кладбища ежедневно открыты для посещений, захоронений и оформления заказов 
с октября по апрель         с 9 до 17 часов, 
с мая по сентябрь     с 9 до 18 часов.
Выходной день -              1 января.
",военное мемориальное безвозмездно предоставляются участки земли для погребения
9,"Воинское кладбище ""Лесотехническая академия""","194021,
Санкт-Петербург, Институтский пер., д.5, корп.15",ВЫБОРГСКИЙ,"ООО «СИЭМ»
194294, Санкт-Петербург,             п. Парголово, территория северное кладбище, д.1,            лит. А.
Директор Кириллов
Сергей Александрович
",594-86-26,594-86-26,"Кладбища ежедневно открыты для посещений, захоронений и оформления заказов 
с октября по апрель         с 9 до 17 часов, 
с мая по сентябрь     с 9 до 18 часов.
Выходной день -              1 января.
",военное мемориальное безвозмездно предоставляются участки земли для погребения
10,"Воинское кладбище ""Осиновая роща""","194362,
Санкт-петербург, Песочное шоссе, д.35",ВЫБОРГСКИЙ,"ООО «СИЭМ»
194294, Санкт-Петербург,             п. Парголово, территория северное кладбище, д.1,            лит. А.
Директор Кириллов
Сергей Александрович
",594-86-26,594-86-26,"Кладбища ежедневно открыты для посещений, захоронений и оформления заказов 
с октября по апрель         с 9 до 17 часов, 
с мая по сентябрь     с 9 до 18 часов.
Выходной день -              1 января.
",военное мемориальное безвозмездно предоставляются участки земли для погребения
11,"Воинское кладбище ""Сосновка""","194214,
Санкт-петербург, ул. Жака Дюкло, д.40",ВЫБОРГСКИЙ,"ООО «СИЭМ»
194294, Санкт-Петербург,             п. Парголово, территория северное кладбище, д.1,            лит. А.
Директор Кириллов
Сергей Александрович
",594-86-26,594-86-26,"Кладбища ежедневно открыты для посещений, захоронений и оформления заказов 
с октября по апрель         с 9 до 17 часов, 
с мая по сентябрь                 с 9 до 18 часов.
Выходной день -              1 января.
",военное мемориальное безвозмездно предоставляются участки земли для погребения
12,"Воинское кладбище ""Каменка""","194017,
Санкт-Петербург, Большая Каменка, д.1, корп.3",ПРИМОРСКИЙ,"ООО «СИЭМ»
194294, Санкт-Петербург,             п. Парголово, территория северное кладбище, д.1,            лит. А.
Директор Кириллов
Сергей Александрович
",594-86-26,594-86-26,"Кладбища ежедневно открыты для посещений, захоронений и оформления заказов 
с октября по апрель         с 9 до 17 часов, 
с мая по сентябрь              с 9 до 18 часов.
Выходной день -              1 января.
",военное мемориальное безвозмездно предоставляются участки земли для погребения
13,Серафимовское кладбище,"197183,
Санкт-Петербург, Заусадебная улица, дом 33",ПРИМОРСКИЙ,"ООО «АГРА»
197183, Санкт-Петербург,    
ул. Заусадебная, д.33.

","430-31-51
430-30-44","430-31-51
430-30-44","Кладбища ежедневно открыты для посещений, захоронений и оформления заказов 
с октября по апрель         с 9 до 17 часов, 
с мая по сентябрь     с 9 до 18 часов.
Выходной день -              1 января.
",общественное кладбище смешанного способа погребения безвозмездно предоставляются участки земли для погребения
14,Лахтинское кладбище,"197229,
Санкт-Петербург, Лахта, улица Красных Партизан, дом 16",ПРИМОРСКИЙ,"ООО «АГРА»
197183, Санкт-Петербург,              ул. Заусадебная, д.33.
Генеральный директор
Бильмак
Игорь Анатольевич
",387-32-72,387-32-72,"Кладбища ежедневно открыты для посещений, захоронений и оформления заказов 
с октября по апрель         с 9 до 17 часов, 
с мая по сентябрь     с 9 до 18 часов.
Выходной день -              1 января.
",общественное кладбище смешанного способа погребения безвозмездно предоставляются участки земли для погребения
15,Смоленское Лютеранское,"199178,
Санкт-Петербург, наб.р.Смоленки, д.27",ВАСИЛЕОСТРОВСКИЙ,"ООО «Собор»
198188, Санкт-Петербург, ул.Маршала Говорова, д.29, лит.А, пом. 1-Н. 
Директор Казаков Петр Витальевич
",321-99-93,321-99-93,"Кладбища ежедневно открыты для посещений, захоронений и оформления заказов 
с октября по апрель         с 9 до 17 часов, 
с мая по сентябрь     с 9 до 18 часов.
Выходной день -              1 января.
",историко-мемориальное безвозмездно предоставляются участки земли для погребения
16,Смоленское Православное,"199178,
Санкт-Петербург, Камская ул., д.26",ВАСИЛЕОСТРОВСКИЙ,"ООО «Собор»
198188, Санкт-Петербург, ул.Маршала Говорова, д.29, лит.А, пом. 1-Н. 
Директор Казаков Петр Витальевич
",321-99-93,321-99-93,"Кладбища ежедневно открыты для посещений, захоронений и оформления заказов 
с октября по апрель         с 9 до 17 часов, 
с мая по сентябрь            с 9 до 18 часов.
Выходной день -              1 января.
",общественное кладбище смешанного способа погребения безвозмездно предоставляются участки земли для погребения
17,Остров Декабристов,"199155,
Санкт-Петербург, пр.КИМа, д.2, литера А",ВАСИЛЕОСТРОВСКИЙ,"ООО «Собор»
198188, Санкт-Петербург, ул.Маршала Говорова, д.29, лит.А, пом. 1-Н. 
Директор Казаков Петр Витальевич
",321-99-93,321-99-93,"Кладбища ежедневно открыты для посещений, захоронений и оформления заказов 
с октября по апрель         с 9 до 17 часов, 
с мая по сентябрь               с 9 до 18 часов.
Выходной день -              1 января.
",общественное кладбище смешанного способа погребения безвозмездно предоставляются участки земли для погребения
18,Армяно-Григорианское ,"199178,
Санкт-Петербург, наб.р.Смоленки, д.29",ВАСИЛЕОСТРОВСКИЙ,"ООО «Собор»
198188, Санкт-Петербург, ул.Маршала Говорова, д.29, лит.А, пом. 1-Н. 
Директор Казаков Петр Витальевич
",321-99-93,321-99-93,"Кладбища ежедневно открыты для посещений, захоронений и оформления заказов 
с октября по апрель         с 9 до 17 часов, 
с мая по сентябрь            с 9 до 18 часов.
Выходной день -              1 января.
",общественное кладбище смешанного способа погребения безвозмездно предоставляются участки земли для погребения
19,Большеохтинское  ,"195027,
Санкт-Петербург, пр.Металлистов, д.5",КРАСНОГВАРДЕЙСКИЙ,"ООО «РИТЭК» 
195027, Санкт-Петербург,          пр. Металистов, д.5, лит. А.
Генеральный директор Фадеев Сергей Станиславович
",224-27-29,224-27-29,"Кладбища ежедневно открыты для посещений, захоронений и оформления заказов 
с октября по апрель         с 9 до 17 часов, 
с мая по сентябрь               с 9 до 18 часов.
Выходной день -              1 января.
",общественное кладбище смешанного способа погребения безвозмездно предоставляются участки земли для погребения
20,Малоохтинское  ,"195112,
Санкт-Петербург, Новочеркасский пр., д.12, корп.3",КРАСНОГВАРДЕЙСКИЙ,"ООО «РИТЭК» 
195027, Санкт-Петербург,          пр. Металистов, д.5, лит. А.
Генеральный директор Фадеев Сергей Станиславович
",528-67-70,528-67-70,"Кладбища ежедневно открыты для посещений, захоронений и оформления заказов 
с октября по апрель         с 9 до 17 часов, 
с мая по сентябрь               с 9 до 18 часов.
Выходной день -              1 января.
","общественное кладбище безвозмездно предоставляются участки земли
для погребения, с захоронениями после кремации
"
21,Пороховское  ,"195043,
Санкт-Петербург, Рябовское шоссе, д.78",КРАСНОГВАРДЕЙСКИЙ,"ООО «РИТЭК» 
195027, Санкт-Петербург,          пр. Металистов, д.5, лит. А.
Генеральный директор Фадеев Сергей Станиславович
",224-27-29,224-27-29,"Кладбища ежедневно открыты для посещений, захоронений и оформления заказов 
с октября по апрель         с 9 до 17 часов, 
с мая по сентябрь               с 9 до 18 часов.
Выходной день -              1 января.
",общественное кладбище смешанного способа погребения безвозмездно предоставляются участки земли для погребения
22,Красненькое   ,"198207,
Санкт-Петербург, пр.Стачек, д.98",КИРОВСКИЙ,"ООО «Похоронный Дом «Юго-Запад»
198207, Санкт-Петербург, пр. Стачек, д.98, лит. А.
Генеральный директор Разов
Андрей Александрович
","783-24-81
783-30-30
","783-24-81
783-30-30
","Кладбища ежедневно открыты для посещений, захоронений и оформления заказов 
с октября по апрель         с 9 до 17 часов, 
с мая по сентябрь               с 9 до 18 часов.
Выходной день -              1 января.
",общественное кладбище смешанного способа погребения безвозмездно предоставляются участки земли для погребения
23,Южное воинское  ,"198152,
Санкт-Петербург, Краснопутиловская ул., у ТЭЦ-15",КИРОВСКИЙ,"ООО «Похоронный Дом «Юго-Запад»
198207, Санкт-Петербург, пр. Стачек, д.98, лит. А.
Генеральный директор Разов
Андрей Александрович
","783-24-81
783-30-30
","783-24-81
783-30-30
","Кладбища ежедневно открыты для посещений, захоронений и оформления заказов 
с октября по апрель         с 9 до 17 часов, 
с мая по сентябрь               с 9 до 18 часов.
Выходной день -              1 января.
",военное мемориальное безвозмездно предоставляются участки земли для погребения
24,Красносельское,"198320,
Санкт-Петербург, 
г. Красное село,
 пр. Ленина, д.84, корп.2",КРАСНОСЕЛЬСКИЙ,"ООО «Похоронный Дом «Юго-Запад»
198207, Санкт-Петербург, пр. Стачек, д.98, лит. А.
Генеральный директор Разов
Андрей Александрович
","783-24-81
783-30-30
","783-24-81
783-30-30
","Кладбища ежедневно открыты для посещений, захоронений и оформления заказов 
с октября по апрель         с 9 до 17 часов, 
с мая по сентябрь               с 9 до 18 часов.
Выходной день -              1 января.
",общественное кладбище смешанного способа погребения безвозмездно предоставляются участки земли для погребения
25,Старо-Паново,"198205,
Санкт-Петербург, Красная ул., д.34",КРАСНОСЕЛЬСКИЙ,"ООО «Похоронный Дом «Юго-Запад»
198207, Санкт-Петербург, пр. Стачек, д.98, лит. А.
Генеральный директор Разов
Андрей Александрович
","783-24-81
783-30-30
","783-24-81
783-30-30
","Кладбища ежедневно открыты для посещений, захоронений и оформления заказов 
с октября по апрель         с 9 до 17 часов, 
с мая по сентябрь               с 9 до 18 часов.
Выходной день -              1 января.
",общественное кладбище смешанного способа погребения безвозмездно предоставляются участки земли для погребения
26,Гореловское кладбище,"198323,
Ленинградская обл., пос. Горелово",КРАСНОСЕЛЬСКИЙ,"ООО «Похоронный Дом «Юго-Запад»
198207, Санкт-Петербург, пр. Стачек, д.98, лит. А.
Генеральный директор Разов
Андрей Александрович
","783-24-81
783-30-30
","783-24-81
783-30-30
","Кладбища ежедневно открыты для посещений, захоронений и оформления заказов 
с октября по апрель         с 9 до 17 часов, 
с мая по сентябрь               с 9 до 18 часов.
Выходной день -              1 января.
",общественное кладбище смешанного способа погребения безвозмездно предоставляются участки земли для погребения
27," Воинское кладбище ""Володарское""  ","198218,
Санкт-Петербург,
Володарский",КРАСНОСЕЛЬСКИЙ,"ООО «Похоронный Дом «Юго-Запад»
198207, Санкт-Петербург, пр. Стачек, д.98, лит. А.
Генеральный директор Разов
Андрей Александрович
","783-24-81
783-30-30
","783-24-81
783-30-30
","Кладбища ежедневно открыты для посещений, захоронений и оформления заказов 
с октября по апрель         с 9 до 17 часов, 
с мая по сентябрь               с 9 до 18 часов.
Выходной день -              1 января.
",военное мемориальное безвозмездно предоставляются участки земли для погребения
28,"Воинское кладбище ""Дачное""                                ","198217,
Санкт-Петербург, пр.Народного Ополчения",КРАСНОСЕЛЬСКИЙ,"ООО «Похоронный Дом «Юго-Запад»
198207, Санкт-Петербург, пр. Стачек, д.98, лит. А.
Генеральный директор Разов
Андрей Александрович
","783-24-81
783-30-30
","783-24-81
783-30-30
","Кладбища ежедневно открыты для посещений, захоронений и оформления заказов 
с октября по апрель         с 9 до 17 часов, 
с мая по сентябрь               с 9 до 18 часов.
Выходной день -              1 января.
",военное мемориальное безвозмездно предоставляются участки земли для погребения
29,Киновеевское  ,"193091,
Санкт-Петербург, Октябрьская наб. д.16, корпус 3",НЕВСКИЙ,"ООО «ОНИКС»
192007, Санкт-Петербург, проезд Росстанный, д.3.
Генеральный директор Шутов
Олег Николаевич
",587-94-14,587-94-14,"Кладбища ежедневно открыты для посещений, захоронений и оформления заказов 
с октября по апрель         с 9 до 17 часов, 
с мая по сентябрь               с 9 до 18 часов.
Выходной день -              1 января.
",общественное кладбище смешанного способа погребения безвозмездно предоставляются участки земли для погребения
30,Казанское  ,"192177,
Санкт- Петербург,ул. Караваевская, д.16",НЕВСКИЙ,"ООО «ОНИКС»
192007, Санкт-Петербург, проезд Росстанный, д.3.
Генеральный директор Шутов
Олег Николаевич
",587-94-14,587-94-14,"Кладбища ежедневно открыты для посещений, захоронений и оформления заказов 
с октября по апрель         с 9 до 17 часов, 
с мая по сентябрь               с 9 до 18 часов.
Выходной день -              1 января.
","общественное кладбище безвозмездно предоставляются участки земли
для погребения, с захоронениями после кремации
"
31,Невское воинское  ,"193230,
Санкт-Петербург, Дальневосточный пр., д. 53",НЕВСКИЙ,"ООО «ОНИКС»
192007, Санкт-Петербург, проезд Росстанный, д.3.
Генеральный директор Шутов
Олег Николаевич
",587-94-14,587-94-14,"Кладбища ежедневно открыты для посещений, захоронений и оформления заказов 
с октября по апрель         с 9 до 17 часов, 
с мая по сентябрь               с 9 до 18 часов.
Выходной день -              1 января.
",военное мемориальное безвозмездно предоставляются участки земли для погребения
32,Памяти Жертв 9-Января кладбище,"192174,
Санкт-Петербург, пр. Александровской Фермы, д.16",НЕВСКИЙ,"ООО «Ритуал»
192007,Санкт-Петербург, ул.Камчатская, д.9.
Генеральный директор Боринов Станислав Анатольевич.
",367-41-65,367-41-65,"Кладбища ежедневно открыты для посещений, захоронений и оформления заказов 
с октября по апрель         с 9 до 17 часов, 
с мая по сентябрь               с 9 до 18 часов.
Выходной день -              1 января.
",общественное кладбище смешанного способа погребения безвозмездно предоставляются участки земли для погребения
33,Новодевичье,"
196084,
Санкт-Петербург, Московский пр. д.100, корп.2",МОСКОВСКИЙ,"ООО «АГРА»
197183, Санкт-Петербург,              ул. Заусадебная, д.33.
Генеральный директор
Бильмак
Игорь Анатольевич
",387-32-72,387-32-72,"Кладбища ежедневно открыты для посещений, захоронений и оформления заказов 
с октября по апрель         с 9 до 17 часов, 
с мая по сентябрь               с 9 до 18 часов.
Выходной день -              1 января.
",историко-мемориальное безвозмездно предоставляются участки земли для погребения
34,"Воинское кладбище ""Чесменское""","196135,
Санкт-Петербург, ул. Ленсовета, д.12,  корп.2",МОСКОВСКИЙ,"ООО «АГРА»
197183, Санкт-Петербург,              ул. Заусадебная, д.33.
Генеральный директор
Бильмак
Игорь Анатольевич
",387-32-72,387-32-72,"Кладбища ежедневно открыты для посещений, захоронений и оформления заказов 
с октября по апрель         с 9 до 17 часов, 
с мая по сентябрь               с 9 до 18 часов.
Выходной день -              1 января.
",военное мемориальное безвозмездно предоставляются участки земли для погребения
35,Громовское  - Старообрядческое,"196084,
Санкт-Петербург, Ялтинская ул., дом 3",МОСКОВСКИЙ,"ООО «АГРА»
197183, Санкт-Петербург,              ул. Заусадебная, д.33.
Генеральный директор
Бильмак
Игорь Анатольевич
",387-32-72,387-32-72,"Кладбища ежедневно открыты для посещений, захоронений и оформления заказов 
с октября по апрель         с 9 до 17 часов, 
с мая по сентябрь               с 9 до 18 часов.
Выходной день -              1 января.
",общественное кладбище смешанного способа погребения безвозмездно предоставляются участки земли для погребения
36," Воинское кладбище ""Аэропорт""","196210,
Санкт-Петербург, Штурманская улица, д.32",МОСКОВСКИЙ,"ООО «АГРА»
197183, Санкт-Петербург,              ул. Заусадебная, д.33.
Генеральный директор
Бильмак
Игорь Анатольевич
",387-32-72,387-32-72,"Кладбища ежедневно открыты для посещений, захоронений и оформления заказов 
с октября по апрель         с 9 до 17 часов, 
с мая по сентябрь               с 9 до 18 часов.
Выходной день -              1 января.
",военное мемориальное безвозмездно предоставляются участки земли для погребения
37," Воинское кладбище ""Пулковское "" ","196140,
Санкт-Петербург, Пулковское шоссе, д.61 корп.2",МОСКОВСКИЙ,"ООО «АГРА»
197183, Санкт-Петербург,              ул. Заусадебная, д.33.
Генеральный директор
Бильмак
Игорь Анатольевич
",387-32-72,387-32-72,"Кладбища ежедневно открыты для посещений, захоронений и оформления заказов 
с октября по апрель         с 9 до 17 часов, 
с мая по сентябрь               с 9 до 18 часов.
Выходной день -              1 января.
",военное мемориальное безвозмездно предоставляются участки земли для погребения
38," Воинское кладбище ""Высота Меридиан""","196140,
Санкт-Петербург, Пулковское шоссе, д.61 корп.3",МОСКОВСКИЙ,"ООО «АГРА»
197183, Санкт-Петербург,              ул. Заусадебная, д.33.
Генеральный директор
Бильмак
Игорь Анатольевич
",387-32-72,387-32-72,"Кладбища ежедневно открыты для посещений, захоронений и оформления заказов 
с октября по апрель         с 9 до 17 часов, 
с мая по сентябрь               с 9 до 18 часов.
Выходной день -              1 января.
",военное мемориальное безвозмездно предоставляются участки земли для погребения
39,Ново-Волковское кладбище,"192102,
Санкт-Петербург, ул. Салова, д.80",ФРУНЗЕНСКИЙ,"ООО «ОНИКС»
192007, Санкт-Петербург, проезд Росстанный, д.3.
Генеральный директор Шутов
Олег Николаевич
",705-34-19,705-34-19,"Кладбища ежедневно открыты для посещений, захоронений и оформления заказов 
с октября по апрель         с 9 до 17 часов, 
с мая по сентябрь               с 9 до 18 часов.
Выходной день -              1 января.
",общественное кладбище смешанного способа погребения безвозмездно предоставляются участки земли для погребения
40,Волковское Лютеранское кладбище,"192102,
Санкт-Петербург, наб. р. Волковки, д.1",ФРУНЗЕНСКИЙ,"ООО «ОНИКС»
192007, Санкт-Петербург, проезд Росстанный, д.3.
Генеральный директор Шутов
Олег Николаевич
",766-33-34,766-33-34,"Кладбища ежедневно открыты для посещений, захоронений и оформления заказов 
с октября по апрель         с 9 до 17 часов, 
с мая по сентябрь               с 9 до 18 часов.
Выходной день -              1 января.
",общественное кладбище смешанного способа погребения безвозмездно предоставляются участки земли для погребения
41,Волковское Православное кладбище,"192007,
Санкт-Петербург, Расстанный проезд, д.3",ФРУНЗЕНСКИЙ,"ООО «ОНИКС»
192007, Санкт-Петербург, проезд Росстанный, д.3.
Генеральный директор Шутов
Олег Николаевич
",766-04-00,766-04-00,"Кладбища ежедневно открыты для посещений, захоронений и оформления заказов 
с октября по апрель         с 9 до 17 часов, 
с мая по сентябрь               с 9 до 18 часов.
Выходной день -              1 января.
",общественное кладбище смешанного способа погребения безвозмездно предоставляются участки земли для погребения
42,Еврейское  ,"192174,
Санкт-Петербург,
пр.Александровской Фермы, д.14",ФРУНЗЕНСКИЙ,"ООО «Ритуал»
192007,Санкт-Петербург, ул.Камчатская, д.9.
Генеральный директор Боринов Станислав Анатольевич.
",974-05-48,974-05-48,"Кладбища ежедневно открыты для посещений, захоронений и оформления заказов 
с октября по апрель         с 9 до 17 часов, 
с мая по сентябрь               с 9 до 18 часов.
Выходной день -              1 января.
",общественное кладбище смешанного способа погребения безвозмездно предоставляются участки земли для погребения
43,Городское русское  ,"197760,
Санкт-Петербург, г.Кронштадт, Кронштадское шоссе, д. 31",КРОНШТАДТ,"ООО «Похоронное бюро Кронштадского района» 197760,Санкт-Петербург, г.Кронштадт, Кронштадское шоссе,д.41, пом. 6-Н.
Генеральный директор Федоров Роман Иванович
","439-05-43,
439-05-38
","439-05-43,
439-05-38
","Кладбища ежедневно открыты для посещений, захоронений и оформления заказов 
с октября по апрель         с 9 до 17 часов, 
с мая по сентябрь               с 9 до 18 часов.
Выходной день -              1 января.
",общественное кладбище традиционного способа погребения безвозмездно предоставляются участки земли для погребения
44,Лютеранское        ,"197760,
Санкт-Петербург, г. Кронштадт, Цитадельская дорога.",КРОНШТАДТ,"ООО «Похоронное бюро Кронштадского района» 197760,Санкт-Петербург, г.Кронштадт, Кронштадское шоссе,д.41, пом. 6-Н.
Генеральный директор Федоров Роман Иванович
","439-05-43,
439-05-38
","439-05-43,
439-05-38
","Кладбища ежедневно открыты для посещений, захоронений и оформления заказов 
с октября по апрель         с 9 до 17 часов, 
с мая по сентябрь               с 9 до 18 часов.
Выходной день -              1 января.
",общественное кладбище смешанного способа погребения безвозмездно предоставляются участки земли для погребения
45,Репинское          ,"197738,
Санкт-Петербург, пос. Репино, Большой пр., д. 43, лит. А",КУРОРТНЫЙ,"ООО «Собор»
198188, Санкт-Петербург, ул.Маршала Говорова, д.29, лит.А, пом. 1-Н. 
Директор Казаков Петр Витальевич
",433-32-19,433-32-19,"Кладбища ежедневно открыты для посещений, захоронений и оформления заказов 
с октября по апрель         с 9 до 17 часов, 
с мая по сентябрь               с 9 до 18 часов.
Выходной день -              1 января.
",общественное кладбище смешанного способа погребения безвозмездно предоставляются участки земли для погребения
46,Зеленогорское      ,"197720,
Санкт-Петербург, г.Зеленогорск, пр. Ленина, д. 89, лит. А",КУРОРТНЫЙ,"ООО «Собор»
198188, Санкт-Петербург, ул.Маршала Говорова, д.29, лит.А, пом. 1-Н. 
Директор Казаков Петр Витальевич
",433-32-19,433-32-19,"Кладбища ежедневно открыты для посещений, захоронений и оформления заказов 
с октября по апрель         с 9 до 17 часов, 
с мая по сентябрь               с 9 до 18 часов.
Выходной день -              1 января.
",общественное кладбище смешанного способа погребения безвозмездно предоставляются участки земли для погребения
47,Комаровское        ,"197733,
Санкт-Петербург,пос. Комарово, Озерная ул., д.52, литера А",КУРОРТНЫЙ,"ООО «Собор»
198188, Санкт-Петербург, ул.Маршала Говорова, д.29, лит.А, пом. 1-Н. 
Директор Казаков Петр Витальевич
",433-32-19,433-32-19,"Кладбища ежедневно открыты для посещений, захоронений и оформления заказов 
с октября по апрель         с 9 до 17 часов, 
с мая по сентябрь               с 9 до 18 часов.
Выходной день -              1 января.
",историко-мемориальное безвозмездно предоставляются участки земли для погребения
48,Песочинское        ,"197758,
Санкт-Петербург, пос. Песочный, Краснофлотская ул., д. 1, литера А",КУРОРТНЫЙ,"ООО «Собор»
198188, Санкт-Петербург, ул.Маршала Говорова, д.29, лит.А, пом. 1-Н. 
Директор Казаков Петр Витальевич
",963-22-32,963-22-32,"Кладбища ежедневно открыты для посещений, захоронений и оформления заказов 
с октября по апрель         с 9 до 17 часов, 
с мая по сентябрь               с 9 до 18 часов.
Выходной день -              1 января.
",общественное кладбище традиционного способа погребения безвозмездно предоставляются участки земли для погребения
49,Сестрорецкое       ,"197706,
Санкт-Петербург, г.Сестрорецк, ул.,Володарского,д.64, лит.А",КУРОРТНЫЙ,"ООО «Собор»
198188, Санкт-Петербург, ул.Маршала Говорова, д.29, лит.А, пом. 1-Н. 
Директор Казаков Петр Витальевич
",437-38-59,437-38-59,"Кладбища ежедневно открыты для посещений, захоронений и оформления заказов 
с октября по апрель         с 9 до 17 часов, 
с мая по сентябрь               с 9 до 18 часов.
Выходной день -              1 января.
",общественное кладбище смешанного способа погребения безвозмездно предоставляются участки земли для погребения
50,Тарховское         ,"197706,
Санкт-Петербург, г.Сестрорецк,Советский пр.,уч.1, у д.№46",КУРОРТНЫЙ,"ООО «Собор»
198188, Санкт-Петербург, ул.Маршала Говорова, д.29, лит.А, пом. 1-Н. 
Директор Казаков Петр Витальевич
",437-38-59,437-38-59,"Кладбища ежедневно открыты для посещений, захоронений и оформления заказов 
с октября по апрель         с 9 до 17 часов, 
с мая по сентябрь               с 9 до 18 часов.
Выходной день -              1 января.
","общественное кладбище безвозмездно предоставляются участки земли
для погребения, с захоронениями после кремации
"
51,Горское            ,"197704,
Санкт-Петербург, г. Сестрорецк, Б.Горская ул., д. 82, лит. А",КУРОРТНЫЙ,"ООО «Собор»
198188, Санкт-Петербург, ул.Маршала Говорова, д.29, лит.А, пом. 1-Н. 
Директор Казаков Петр Витальевич
",437-38-59,437-38-59,"Кладбища ежедневно открыты для посещений, захоронений и оформления заказов 
с октября по апрель         с 9 до 17 часов, 
с мая по сентябрь               с 9 до 18 часов.
Выходной день -              1 января.
",общественное кладбище смешанного способа погребения безвозмездно предоставляются участки земли для погребения
52,Сестрорецкое мемориальное  ,"194706,
Санкт-Петербург, г. Сестрорецк, 37-й км Приморского шоссе, участок 1, восточнее  дома  № 1",КУРОРТНЫЙ,"ООО «Собор»
198188, Санкт-Петербург, ул.Маршала Говорова, д.29, лит.А, пом. 1-Н. 
Директор Казаков Петр Витальевич
",437-38-59,437-38-59,"Кладбища ежедневно открыты для посещений, захоронений и оформления заказов 
с октября по апрель         с 9 до 17 часов, 
с мая по сентябрь               с 9 до 18 часов.
Выходной день -              1 января.
",военное мемориальное безвозмездно предоставляются участки земли для погребения
53,Казанское кладбище,"196602,
Санкт-Петербург, город Пушкин, Гусарская ул., д.1",ПУШКИНСКИЙ,"ООО «ЭНОЗИС»
196603, Санкт-Петербург,                г. Пушкин, ул.Артиллерийская, д.10.
Директор Николаев Юрий Николаевич
",465-30-60,465-30-60,"Кладбища ежедневно открыты для посещений, захоронений и оформления заказов 
с октября по апрель         с 9 до 17 часов, 
с мая по сентябрь               с 9 до 18 часов.
Выходной день -              1 января.
",общественное кладбище традиционного способа погребения безвозмездно предоставляются участки земли для погребения
54,Кузьминское кладбище,"196605,
Санкт-Петербург, г. Пушкин, Петербургское шоссе",ПУШКИНСКИЙ,"ООО «ЭНОЗИС»
196603, Санкт-Петербург,                г. Пушкин, ул.Артиллерийская, д.10.
Директор Николаев Юрий Николаевич
",465-30-60,465-30-60,"Кладбища ежедневно открыты для посещений, захоронений и оформления заказов 
с октября по апрель         с 9 до 17 часов, 
с мая по сентябрь               с 9 до 18 часов.
Выходной день -              1 января.
",общественное кладбище смешанного способа погребения безвозмездно предоставляются участки земли для погребения
55,Кладбище Московская Славянка,"196626,
Санкт-Петербург, Московская Славянка",ПУШКИНСКИЙ,"ООО «ЭНОЗИС»
196603, Санкт-Петербург,                г. Пушкин, ул.Артиллерийская, д.10.
Директор Николаев Юрий Николаевич
",465-30-60,465-30-60,"Кладбища ежедневно открыты для посещений, захоронений и оформления заказов 
с октября по апрель         с 9 до 17 часов, 
с мая по сентябрь               с 9 до 18 часов.
Выходной день -              1 января.
",военное мемориальное безвозмездно предоставляются участки земли для погребения
56,Павловское кладбище    ,"196621,
Санкт-Петербург, город Павловск, Артиллерийская ул.",ПУШКИНСКИЙ,"ООО «ЭНОЗИС»
196603, Санкт-Петербург,                г. Пушкин, ул.Артиллерийская, д.10.
Директор Николаев Юрий Николаевич
",465-30-60,465-30-60,"Кладбища ежедневно открыты для посещений, захоронений и оформления заказов 
с октября по апрель         с 9 до 17 часов, 
с мая по сентябрь               с 9 до 18 часов.
Выходной день -              1 января.
",общественное кладбище традиционного способа погребения безвозмездно предоставляются участки земли для погребения
57,Александровское кладбище,"196631,
Санкт-Петербург, пос. Александровская",ПУШКИНСКИЙ,"ООО «ЭНОЗИС»
196603, Санкт-Петербург,                г. Пушкин, ул.Артиллерийская, д.10.
Директор Николаев Юрий Николаевич
",465-30-60,465-30-60,"Кладбища ежедневно открыты для посещений, захоронений и оформления заказов 
с октября по апрель         с 9 до 17 часов, 
с мая по сентябрь               с 9 до 18 часов.
Выходной день -              1 января.
",общественное кладбище смешанного способа погребения безвозмездно предоставляются участки земли для погребения
58,Шушарское кладбище   ,"196626,
Санкт-Петербург, пос. Шушары",ПУШКИНСКИЙ,"ООО «ЭНОЗИС»
196603, Санкт-Петербург,                г. Пушкин, ул.Артиллерийская, д.10.
Директор Николаев Юрий Николаевич
",465-30-60,465-30-60,"Кладбища ежедневно открыты для посещений, захоронений и оформления заказов 
с октября по апрель         с 9 до 17 часов, 
с мая по сентябрь               с 9 до 18 часов.
Выходной день -              1 января.
",общественное кладбище смешанного способа погребения безвозмездно предоставляются участки земли для погребения
59,Покровское кладбище   ,"196620,
Санкт-Петербург, Динамо",ПУШКИНСКИЙ,"ООО «ЭНОЗИС»
196603, Санкт-Петербург,                г. Пушкин, ул.Артиллерийская, д.10.
Директор Николаев Юрий Николаевич
",465-30-60,465-30-60,"Кладбища ежедневно открыты для посещений, захоронений и оформления заказов 
с октября по апрель         с 9 до 17 часов, 
с мая по сентябрь               с 9 до 18 часов.
Выходной день -              1 января.
",общественное кладбище смешанного способа погребения безвозмездно предоставляются участки земли для погребения
60,Воинское кладбище в Московской Славянке,"196626,
Санкт-Петербург, Московская Славянка, Колпинское шоссе",ПУШКИНСКИЙ,"ООО «ЭНОЗИС»
196603, Санкт-Петербург,                г. Пушкин, ул.Артиллерийская, д.10.
Директор Николаев Юрий Николаевич
",465-30-60,465-30-60,"Кладбища ежедневно открыты для посещений, захоронений и оформления заказов 
с октября по апрель         с 9 до 17 часов, 
с мая по сентябрь               с 9 до 18 часов.
Выходной день -              1 января.
",военное мемориальное безвозмездно предоставляются участки земли для погребения
61,"Воинское кладбище ""4-й км Петербургского шоссе""","196626,
Санкт-Петербург, 4-й км Петербургского шоссе",ПУШКИНСКИЙ,"ООО «ЭНОЗИС»
196603, Санкт-Петербург,                г. Пушкин, ул.Артиллерийская, д.10.
Директор Николаев Юрий Николаевич
",465-30-60,465-30-60,"Кладбища ежедневно открыты для посещений, захоронений и оформления заказов 
с октября по апрель         с 9 до 17 часов, 
с мая по сентябрь               с 9 до 18 часов.
Выходной день -              1 января.
",военное мемориальное безвозмездно предоставляются участки земли для погребения
62,"Воинское кладбище ""703-й км Московского шоссе""","196626,
Санкт-Петербург, 703-й км Московского шоссе",ПУШКИНСКИЙ,"ООО «ЭНОЗИС»
196603, Санкт-Петербург,                г. Пушкин, ул.Артиллерийская, д.10.
Директор Николаев Юрий Николаевич
",465-30-60,465-30-60,"Кладбища ежедневно открыты для посещений, захоронений и оформления заказов 
с октября по апрель         с 9 до 17 часов, 
с мая по сентябрь               с 9 до 18 часов.
Выходной день -              1 января.
",военное мемориальное безвозмездно предоставляются участки земли для погребения
63,Воинское кладбище в Кондакопшино,"196632,
Санкт-Петербург, Кондакопшино",ПУШКИНСКИЙ,"ООО «ЭНОЗИС»
196603, Санкт-Петербург,                г. Пушкин, ул.Артиллерийская, д.10.
Директор Николаев Юрий Николаевич
",465-30-60,465-30-60,"Кладбища ежедневно открыты для посещений, захоронений и оформления заказов 
с октября по апрель         с 9 до 17 часов, 
с мая по сентябрь               с 9 до 18 часов.
Выходной день -              1 января.
",военное мемориальное безвозмездно предоставляются участки земли для погребения
64,"Мемориал ""Скорбящая""","196620,
Санкт-Петербург, г. Павловск, Детскосельская ул.",ПУШКИНСКИЙ,"ООО «ЭНОЗИС»
196603, Санкт-Петербург,                г. Пушкин, ул.Артиллерийская, д.10.
Директор Николаев Юрий Николаевич
",465-30-60,465-30-60,"Кладбища ежедневно открыты для посещений, захоронений и оформления заказов 
с октября по апрель         с 9 до 17 часов, 
с мая по сентябрь               с 9 до 18 часов.
Выходной день -              1 января.
",военное мемориальное безвозмездно предоставляются участки земли для погребения
65,Новое Колпинское городское,"196655,
Санкт-Петербург, г.Колпино, Понтонная ул.",КОЛПИНСКИЙ,"ООО «Ритуал»
192007,Санкт-Петербург, ул.Камчатская, д.9.
Генеральный директор Боринов Станислав Анатольевич.
","921-43-66,
921-43-64
","921-43-66,
921-43-64
","Кладбища ежедневно открыты для посещений, захоронений и оформления заказов 
с октября по апрель         с 9 до 17 часов, 
с мая по сентябрь               с 9 до 18 часов.
Выходной день -              1 января.
",общественное кладбище традиционного способа погребения безвозмездно предоставляются участки земли для погребения
66,Колпинское городское,"196655,
Санкт-Петербург, г.Колпино, Колпинская ул.",КОЛПИНСКИЙ,"ООО «Ритуал»
192007,Санкт-Петербург, ул.Камчатская, д.9.
Генеральный директор Боринов Станислав Анатольевич.
","921-43-66,
921-43-64
","921-43-66,
921-43-64
","Кладбища ежедневно открыты для посещений, захоронений и оформления заказов 
с октября по апрель         с 9 до 17 часов, 
с мая по сентябрь               с 9 до 18 часов.
Выходной день -              1 января.
",общественное кладбище традиционного способа погребения безвозмездно предоставляются участки земли для погребения
67,Колпинское воинское,"196657,
Санкт-Петербург, г.Колпино, ул.Веры Слуцкой",КОЛПИНСКИЙ,"ООО «Ритуал»
192007,Санкт-Петербург, ул.Камчатская, д.9.
Генеральный директор Боринов Станислав Анатольевич.
","921-43-66,
921-43-64
","921-43-66,
921-43-64
","Кладбища ежедневно открыты для посещений, захоронений и оформления заказов 
с октября по апрель         с 9 до 17 часов, 
с мая по сентябрь               с 9 до 18 часов.
Выходной день -              1 января.
",военное мемориальное безвозмездно предоставляются участки земли для погребения
68,Балканское воинское,"196652, Санкт-Петербург, г.Колпино, Загородная ул.",КОЛПИНСКИЙ,"ООО «Ритуал»
192007,Санкт-Петербург, ул.Камчатская, д.9.
Генеральный директор Боринов Станислав Анатольевич.
","921-43-66,
921-43-64
","921-43-66,
921-43-64
","Кладбища ежедневно открыты для посещений, захоронений и оформления заказов 
с октября по апрель         с 9 до 17 часов, 
с мая по сентябрь               с 9 до 18 часов.
Выходной день -              1 января.
",военное мемориальное безвозмездно предоставляются участки земли для погребения
69,Петро-Славянка     ,"196642,
Санкт-Петербург, пос.Петро-Славянка, ул.Коммунаров",КОЛПИНСКИЙ,"ООО «Ритуал»
192007,Санкт-Петербург, ул.Камчатская, д.9.
Генеральный директор Боринов Станислав Анатольевич.
","921-43-66,
921-43-64
","921-43-66,
921-43-64
","Кладбища ежедневно открыты для посещений, захоронений и оформления заказов 
с октября по апрель         с 9 до 17 часов, 
с мая по сентябрь               с 9 до 18 часов.
Выходной день -              1 января.
",общественное кладбище смешанного способа погребения безвозмездно предоставляются участки земли для погребения
70,Корчминское воинское,"196643,
Санкт-Петербург, Корчмино",КОЛПИНСКИЙ,"ООО «Ритуал»
192007,Санкт-Петербург, ул.Камчатская, д.9.
Генеральный директор Боринов Станислав Анатольевич.
","921-43-66,
921-43-64
","921-43-66,
921-43-64
","Кладбища ежедневно открыты для посещений, захоронений и оформления заказов 
с октября по апрель         с 9 до 17 часов, 
с мая по сентябрь               с 9 до 18 часов.
Выходной день -              1 января.
",военное мемориальное безвозмездно предоставляются участки земли для погребения
71,Усть-Ижорское      ,"196645,
Санкт Петербург, пос.Усть-Ижора, Верхняя Ижорская ул.",КОЛПИНСКИЙ,"ООО «Ритуал»
192007,Санкт-Петербург, ул.Камчатская, д.9.
Генеральный директор Боринов Станислав Анатольевич.
","921-43-66,
921-43-64
","921-43-66,
921-43-64
","Кладбища ежедневно открыты для посещений, захоронений и оформления заказов 
с октября по апрель         с 9 до 17 часов, 
с мая по сентябрь               с 9 до 18 часов.
Выходной день -              1 января.
",общественное кладбище смешанного способа погребения безвозмездно предоставляются участки земли для погребения
72,Усть-Ижорское воинское ,"196645,
Санкт-Петербург, пос.Усть-Ижора, Шлиссельбургское шоссе",КОЛПИНСКИЙ,"ООО «Ритуал»
192007,Санкт-Петербург, ул.Камчатская, д.9.
Генеральный директор Боринов Станислав Анатольевич.
","921-43-66,
921-43-64
","921-43-66,
921-43-64
","Кладбища ежедневно открыты для посещений, захоронений и оформления заказов 
с октября по апрель         с 9 до 17 часов, 
с мая по сентябрь               с 9 до 18 часов.
Выходной день -              1 января.
",военное мемориальное безвозмездно предоставляются участки земли для погребения
73,Воинское кладбище в пос. Металлострой,"196641,
Санкт-Петербург, пос. Металлстрой, Петрорзаводское шоссе",КОЛПИНСКИЙ,"ООО «Ритуал»
192007,Санкт-Петербург, ул.Камчатская, д.9.
Генеральный директор Боринов Станислав Анатольевич.
","921-43-66,
921-43-64
","921-43-66,
921-43-64
","Кладбища ежедневно открыты для посещений, захоронений и оформления заказов 
с октября по апрель         с 9 до 17 часов, 
с мая по сентябрь               с 9 до 18 часов.
Выходной день -              1 января.
",военное мемориальное безвозмездно предоставляются участки земли для погребения
74,Воинское кладбище впос. Понтонный,"196643,
г.Санкт-Петербург, пос.Понтонный, ул.Судостроителей.",КОЛПИНСКИЙ,"ООО «Ритуал»
192007,Санкт-Петербург, ул.Камчатская, д.9.
Генеральный директор Боринов Станислав Анатольевич.
","921-43-66,
921-43-64
","921-43-66,
921-43-64
","Кладбища ежедневно открыты для посещений, захоронений и оформления заказов 
с октября по апрель         с 9 до 17 часов, 
с мая по сентябрь               с 9 до 18 часов.
Выходной день -              1 января.
",военное мемориальное безвозмездно предоставляются участки земли для погребения
75,Старое городское   ,"198504,
Санкт-Петербург, г.Петродворец,Бабигонская ул.д.5",ПЕТРОДВОРЦОВЫЙ,"ООО «Похоронное бюро Кронштадского района» 197760,Санкт-Петербург, г.Кронштадт, Кронштадское шоссе,д.41, пом. 6-Н.
Генеральный директор Федоров Роман Иванович
","439-05-43,
439-05-38
","439-05-43,
439-05-38
","Кладбища ежедневно открыты для посещений, захоронений и оформления заказов 
с октября по апрель         с 9 до 17 часов, 
с мая по сентябрь               с 9 до 18 часов.
Выходной день -              1 января.
",общественное кладбище смешанного способа погребения безвозмездно предоставляются участки земли для погребения
76,Новое городское    ,"198504,
Санкт-Петербург, г. Петродворец, Бабигонская ул., д.5 ",ПЕТРОДВОРЦОВЫЙ,"ООО «Похоронное бюро Кронштадского района» 197760,Санкт-Петербург, г.Кронштадт, Кронштадское шоссе,д.41, пом. 6-Н.
Генеральный директор Федоров Роман Иванович
","439-05-43,
439-05-38
","439-05-43,
439-05-38
","Кладбища ежедневно открыты для посещений, захоронений и оформления заказов 
с октября по апрель         с 9 до 17 часов, 
с мая по сентябрь               с 9 до 18 часов.
Выходной день -              1 января.
",общественное кладбище традиционного способа погребения безвозмездно предоставляются участки земли для погребения
77,Стрельнинское      ,"198515,
Санкт-Петербург, пос.Стрельня, Сосновая аллея",ПЕТРОДВОРЦОВЫЙ,"ООО «Похоронное бюро Кронштадского района» 197760,Санкт-Петербург, г.Кронштадт, Кронштадское шоссе,д.41, пом. 6-Н.
Генеральный директор Федоров Роман Иванович
","439-05-43,
439-05-38
","439-05-43,
439-05-38
","Кладбища ежедневно открыты для посещений, захоронений и оформления заказов 
с октября по апрель         с 9 до 17 часов, 
с мая по сентябрь               с 9 до 18 часов.
Выходной день -              1 января.
",общественное кладбище смешанного способа погребения безвозмездно предоставляются участки земли для погребения
78,Сергиевское        ,"198515,
Санкт-Петербург, пос.Стрельня, Гражданская ул.",ПЕТРОДВОРЦОВЫЙ,"ООО «Похоронное бюро Кронштадского района» 197760,Санкт-Петербург, г.Кронштадт, Кронштадское шоссе,д.41, пом. 6-Н.
Генеральный директор Федоров Роман Иванович
","439-05-43,
439-05-38
","439-05-43,
439-05-38
","Кладбища ежедневно открыты для посещений, захоронений и оформления заказов 
с октября по апрель         с 9 до 17 часов, 
с мая по сентябрь               с 9 до 18 часов.
Выходной день -              1 января.
",общественное кладбище смешанного способа погребения безвозмездно предоставляются участки земли для погребения
79,Шуваловское        ,"198510,
Санкт-Петербург, Шуваловка,ул.Макарова",ПЕТРОДВОРЦОВЫЙ,"ООО «Похоронное бюро Кронштадского района» 197760,Санкт-Петербург, г.Кронштадт, Кронштадское шоссе,д.41, пом. 6-Н.
Генеральный директор Федоров Роман Иванович
","439-05-43,
439-05-38
","439-05-43,
439-05-38
","Кладбища ежедневно открыты для посещений, захоронений и оформления заказов 
с октября по апрель         с 9 до 17 часов, 
с мая по сентябрь               с 9 до 18 часов.
Выходной день -              1 января.
",общественное кладбище смешанного способа погребения безвозмездно предоставляются участки земли для погребения
80,Илики               ,"188512,
Санкт-Петербург, г.Ломоносов, дорога на кладбище Илики, д.1",ПЕТРОДВОРЦОВЫЙ,"ООО «Похоронное бюро Кронштадского района» 197760,Санкт-Петербург, г.Кронштадт, Кронштадское шоссе,д.41, пом. 6-Н.
Генеральный директор Федоров Роман Иванович
","439-05-43,
439-05-38
","439-05-43,
439-05-38
","Кладбища ежедневно открыты для посещений, захоронений и оформления заказов 
с октября по апрель         с 9 до 17 часов, 
с мая по сентябрь               с 9 до 18 часов.
Выходной день -              1 января.
",общественное кладбище традиционного способа погребения безвозмездно предоставляются участки земли для погребения
81,Мартышкинское      ,"188511,
Санкт-Петербург, г.Ломоносов, Морская ул.д.15",ПЕТРОДВОРЦОВЫЙ,"ООО «Похоронное бюро Кронштадского района» 197760,Санкт-Петербург, г.Кронштадт, Кронштадское шоссе,д.41, пом. 6-Н.
Генеральный директор Федоров Роман Иванович
","439-05-43,
439-05-38
","439-05-43,
439-05-38
","Кладбища ежедневно открыты для посещений, захоронений и оформления заказов 
с октября по апрель         с 9 до 17 часов, 
с мая по сентябрь               с 9 до 18 часов.
Выходной день -              1 января.
",общественное кладбище смешанного способа погребения безвозмездно предоставляются участки земли для погребения
82,Свято-Троицкое     ,"188512,
Санкт-Петербург, г.Ломоносов, Оранжерейная ул.,д.10",ПЕТРОДВОРЦОВЫЙ,"ООО «Похоронное бюро Кронштадского района» 197760,Санкт-Петербург, г.Кронштадт, Кронштадское шоссе,д.41, пом. 6-Н.
Генеральный директор Федоров Роман Иванович
","439-05-43,
439-05-38
","439-05-43,
439-05-38
","Кладбища ежедневно открыты для посещений, захоронений и оформления заказов 
с октября по апрель         с 9 до 17 часов, 
с мая по сентябрь               с 9 до 18 часов.
Выходной день -              1 января.
",общественное кладбище смешанного способа погребения безвозмездно предоставляются участки земли для погребения
83,Троицкое кладбище,"198504,
Санкт-Петербург, город Петродворец,  Ораниенбаумский спуск",ПЕТРОДВОРЦОВЫЙ,"ООО «Похоронное бюро Кронштадского района» 197760,Санкт-Петербург, г.Кронштадт, Кронштадское шоссе,д.41, пом. 6-Н.
Генеральный директор Федоров Роман Иванович
","439-05-43,
439-05-38
","439-05-43,
439-05-38
","Кладбища ежедневно открыты для посещений, захоронений и оформления заказов 
с октября по апрель         с 9 до 17 часов, 
с мая по сентябрь               с 9 до 18 часов.
Выходной день -              1 января.
",общественное кладбище смешанного способа погребения безвозмездно предоставляются участки земли для погребения
84,"Воинское кладбище ""Аллея Гордовцев""","188512,
Санкт-Петербург, г.Ломоносов, Краснофлотское шоссе, д.16",ПЕТРОДВОРЦОВЫЙ,"ООО «Похоронное бюро Кронштадского района» 197760,Санкт-Петербург, г.Кронштадт, Кронштадское шоссе,д.41, пом. 6-Н.
Генеральный директор Федоров Роман Иванович
","439-05-43,
439-05-38
","439-05-43,
439-05-38
","Кладбища ежедневно открыты для посещений, захоронений и оформления заказов 
с октября по апрель         с 9 до 17 часов, 
с мая по сентябрь               с 9 до 18 часов.
Выходной день -              1 января.
",военное мемориальное безвозмездно предоставляются участки земли для погребения
85,"Мемориал ""Приморский""       ","198504,
Санкт-Петербург ,г.Петродворец, развилка дорог Гостилицы-Ломоносов",ПЕТРОДВОРЦОВЫЙ,"ООО «Похоронное бюро Кронштадского района» 197760,Санкт-Петербург, г.Кронштадт, Кронштадское шоссе,д.41, пом. 6-Н.
Генеральный директор Федоров Роман Иванович
","439-05-43,
439-05-38
","439-05-43,
439-05-38
","Кладбища ежедневно открыты для посещений, захоронений и оформления заказов 
с октября по апрель         с 9 до 17 часов, 
с мая по сентябрь               с 9 до 18 часов.
Выходной день -              1 января.
",военное мемориальное безвозмездно предоставляются участки земли для погребения
86,Колумбарий крематория и Поле памяти,"195067,
Санкт-Петербург,
Шафировский пр., д. 12, лит. А",КРАСНОГВАРДЕЙСКИЙ,"СПб ГУП ""Ритуальные услуги""
191036, Санкт-Петербург,
ул. 1-ая Советская, д. 8
Директор Крематория
Худоба Дмитрий Петрович",380-49-30,380-49-30,"Кладбища ежедневно открыты для посещений, захоронений и оформления заказов 
с октября по апрель         с 9 до 17 часов, 
с мая по сентябрь               с 9 до 18 часов.
Выходной день -              1 января.
","общественное кладбище безвозмездно предоставляются участки земли
для погребения, с захоронениями после кремации
"
87,Левашевское мемориальное,"Санкт-Петербург, Горское шоссе, д.143",ВЫБОРГСКИЙ,"СПб ГУП ""Ритуальные услуги""
191036, Санкт-Петербург,
ул. 1-ая Советская, д. 8
Директор Артеменко Валерий Анатольевич",594-95-14,594-95-14,"Кладбища ежедневно открыты для посещений, захоронений и оформления заказов 
с октября по апрель         с 9 до 17 часов, 
с мая по сентябрь               с 9 до 18 часов.
Выходной день -              1 января.
","для погребения, с захоронениями после кремации"
