№,Тип лечебно-профилактического учреждения,Адрес,Район города,Руководитель,Телефон,Факс,Режим работы,Наименование лечебно-профилактического учреждения
1,Городские больницы (включая клинические),"199106, Санкт-Петербург, пр. Большой В.О., д. 85",Василеостровский,Бахолдина Марина Николаевна,322-03-03,322-00-78,,"СПб ГБУЗ ""Городская Покровская больница"""
2,Городские больницы (включая клинические),"194354, Санкт-Петербург, пер. Учебный,  д. 5",Выборгский,Фигурин Игорь Стефанович,513-64-54,296-40-67,,"СПб ГБУЗ ""Городская многопрофильная больница №2"""
3,Городские больницы (включая клинические),"195257, Санкт-Петербург, ул. Вавиловых, д. 14",Калининский,Гуманенко Евгений Константинович,555-15-05,555-57-73,,"СПб ГБУЗ ""Городская больница Святой преподобномученицы Елизаветы"""
4,Городские больницы (включая клинические),"194354, Санкт-Петербург, пр. Северный,  д. 1",Выборгский,Стрижелецкий Валерий Викторович,511-96-00,511-95-00,,"СПб ГБУЗ ""Городская больница Святого Великомученика Георгия"""
5,Городские больницы (включая клинические),"191187, Санкт-Петербург, ул. Моховая, д. 1/9",Центральный,Савицкая Ирина Владимировна,272-93-66,272-93-66,,"СПб ГБУЗ ""Городская больница №8"""
6,Городские больницы (включая клинические),"197110, Санкт-Петербург, пр.Крестовский,  д.18",Петроградский,Гриненко Николай Никитович,235-00-67,235-05-77,,"СПб ГБУЗ ""Городская больница №9"""
7,Городские больницы (включая клинические),"198099, Санкт-Петербург, ул. Косинова, д. 19/9",Кировский,Петров Сергей Викторович,747-14-30,786-87-39,,"СПб ГБУЗ ""Городская больница №14"""
8,Городские больницы (включая клинические),"198205, Санкт-Петербург, ул. Авангардная, д. 4",Красносельский,Мироненко Александр Николаевич,735-07-66,735-07-66,,"СПб ГБУЗ ""Городская больница №15"""
9,Городские больницы (включая клинические),"191104, Санкт-Петербург, пр. Литейный, д. 56",Центральный,Емельянов Олег Владиславович,275-74-33,275-73-26,,"СПб ГБУЗ ""Городская Мариинская больница"""
10,Городские больницы (включая клинические),"193312, Санкт-Петербург, пр. Солидарности, д. 4",Невский,Линец Юрий Павлович,583-16-23,589-11-41,,"СПб ГБУЗ ""Городская Александровская больница"""
11,Городские больницы (включая клинические),"196135, Санкт-Петербург, ул. Гастелло, д. 21",Московский,Суровцева Татьяна Викторовна,373-30-31,373-70-10,,"СПб ГБУЗ ""Городская больница №20"""
12,Городские больницы (включая клинические),"192148, Санкт-Петербург, пр. Елизарова, 32",Невский,Шибанов Евгений Николаевич,365-24-63,365-24-63,,"СПб ГБУЗ ""Городская больница №23"""
13,прочие больницы,"190068, Санкт-Петербург, ул. Большая Подьяческая, 30",Адмиралтейский,Шемеровская Татьяна Германовна,310-28-14,310-44-52,,"СПб ГБУЗ ""Клиническая ревматологическая больница №25"""
14,Городские больницы (включая клинические),"196247, Санкт-Петербург, ул. Костюшко, д. 2",Московский,Дорофеев Василий Иванович,415-18-72,415-19-02,,"СПб ГБУЗ ""Городская больница №26"""
15,Городские больницы (включая клинические),"190000, Санкт-Петербург, ул. Декабристов, д. 1-3",Адмиралтейский,Келина Марина Валентиновна,314-51-92,314-81-93,,"СПб ГБУЗ ""Городская больница №28 ""Максимилиановская"""
16,Городские больницы (включая клинические),"197110, Санкт-Петербург, пр. Динамо, д. 3",Петроградский,Рывкин Анатолий Юрьевич,235-49-66,235-21-11,,"СПб ГБУЗ ""Городская клиническая больница №31"""
17,Городские больницы (включая клинические),"191180, Санкт-Петербург, пер. Лазаретный, д. 4",Адмиралтейский,Волчков Владимир Анатольевич,764-77-83,764-77-83,,"СПб ГБУЗ ""Введенская больница"""
18,Городские больницы (включая клинические),"196653,Санкт-Петербург,  г.Колпино, ул. Павловская, д.16, лит. А",Колпинский,Махсатов Камолиддин Артыкович,461-62-12,461-64-72,,"СПб ГБУЗ ""Городская больница №33"""
19,Городские больницы (включая клинические),"197762, Санкт-Петербург,  г.Кронштадт, ул. Газовый завод,  д. 3, лит. А",Кронштадтский,Васильев Анатолий Федорович,311-44-35,435-31-44,,"СПб ГБУЗ ""Городская больница Святого Праведного Иоанна Кронштадтского"""
20,Городские больницы (включая клинические),"198510, Санкт-Петербург,г.Петродворец, ул. Константиновская,  д. 1",Петродворцовый,Решетник Дмитрий Александрович,450-63-79,450-66-30,,"СПб ГБУЗ ""Николаевская больница"""
21,Городские больницы (включая клинические),"196600, Санкт-Петербург, г.Пушкин, ул.Госпитальная,  д.7/2 литер А",Пушкинский и Павловский,Гусев Александр Олегович,406-75-33,406-77-43,,"СПб ГБУЗ ""Городская больница №38 им. Н.А.Семашко"""
22,Городские больницы (включая клинические),"197706,  Санкт-Петербург, г.Сестрорецк, ул. Борисова,  д. 9, лит.Б",Курортный,Щербак Сергей Григорьевич,437-10-35,437-14-92,,"СПб ГБУЗ ""Городская больница №40"""
23,Городские больницы (включая клинические),"191144, Санкт-Петербург, ул.Старорусская, д. 3",Центральный,Башкирцев Алексей Сергеевич,271-09-90,274-12-38,,"СПб ГБУЗ ""Клиническая городская больница №46 Святой Евгении"" (Лечебно-диагностический, реабилитационный и научный центр для жителей блокадного Ленинграда)"
24,Госпитали для ИОВ,"193079, Санкт-Петербург, ул. Народная, д. 21, корп.2",Невский,Кабанов Максим Юрьевич,446-17-90,446-64-20,,"СПб ГБУЗ ""Госпиталь для ветеранов войн"""
25,Городские больницы (включая клинические),"194044, Санкт-Петербург, ул. Чугунная, д.46 литер А",Калининский,Попов Сергей Валерьевич,576-11-00,576-11-55,,"СПб ГБУЗ ""Клиническая больница Святителя Луки"""
26,Прочие больничные учреждения,"190103, Санкт-Петербург, наб. реки Фонтанки, д.148",Адмиралтейский,Серпов Владимир Юрьевич,251-51-33,251-51-33,,"СПб ГБУЗ ""Городской гериатрический медико-социальный центр"""
27,гериатрические больницы,"194214, Санкт-Петербург, ул. Ракитовская,  д. 29",Выборгский,Дейбук Алексей Григорьевич,293-45-49,293-45-49,,"СПб ГБУЗ ""Гериатрическая больница №1"""
28,инфекционные больницы для взрослых,"191167, Санкт-Петербург, ул. Миргородская, д. 3",Центральный,Яковлев Алексей Авенирович,717-44-24,717-28-48,,"СПб ГБУЗ ""Клиническая инфекционная больница им. С.П. Боткина"""
29,Наркологические больницы,"199004, Санкт-Петербург, линия 4-я В.О., д. 23-25",Василеостровский,Константинов Дмитрий Павлович,323-43-08,323-43-08,,"СПб ГБУЗ ""Городская наркологическая больница"""
30,Психиатрические и психоневрологические больницы,"188357, Ленинградская обл., Гатчинский район, село Никольское, ул. Меньковская, д. 10",Ленинградская область,Лиманкин Олег Васильевич,8-813-715-61-44,8-813-715-61-80,,"СПб ГБУЗ ""Психиатрическая больница №1 им.П.П.Кащенко"""
31,Психиатрические и психоневрологические больницы,"190121, Санкт-Петербург, наб. реки Мойки, д. 126",Адмиралтейский,Свистун Сергей Яковлевич,714-14-44,714-74-29,,"СПб ГКУЗ  ""Психиатрическая больница Святого Николая Чудотворца"""
32,Психиатрические и психоневрологические больницы,"197341, Санкт-Петербург, Фермское шоссе, д. 36",Приморский,Фаддеев Дмитрий Валерьевич,301-04-37,301-86-54,,"СПб ГКУЗ ""Городская психиатрическая больница №3 им.И.И.Скворцова-Степанова"""
33,Психиатрические и психоневрологические больницы,"191119, Санкт-Петербург, наб. Обводного канала, д.75",Центральный,Бурдуковский Михаил Алексеевич,764-04-65,764-00-97,,"СПб ГКУЗ ""Городская психиатрическая больница №4 (психоприемник-распределитель г. Санкт-Петербурга)"""
34,Психиатрические и психоневрологические больницы,"191167, Санкт-Петербург, наб. Обводного канала, д. 9 лит.А, лит.И",Центральный,Гурина Алла Владимировна,274-29-21,274-26-32,,"СПб ГКУЗ ""Городская психиатрическая больница №6 (стационар с диспансером)"""
35,Психиатрические и психоневрологические больницы,"199034, Санкт-Петербург, линия 15-я В.О., д. 4-6",Василеостровский,Палкин Юрий Рудиевич,323-36-72,323-36-72,,"СПб ГБУЗ ""Городская психиатрическая больница №7 им.акад.И.П.Павлова"""
36,туберкулезные больницы для взрослых,"194214, Санкт-Петербург, пр. Мориса Тореза, д. 93",Выборгский,Супрун Татьяна Юрьевна,554-18-81,554-16-91,,"СПб ГБУЗ ""Городская туберкулезная больница №2"""
37,туберкулезные больницы для взрослых,"196620, Санкт-Петербург, г.Павловск, ул. Мичурина, д. 34",Пушкинский и Павловский,Кузнецова Любовь Николаевна,452-11-56,465-12-13,,"СПб ГБУЗ ""Туберкулезная больница №8"""
38,Хосписы,"197229, Санкт-Петербург, п.Лахта, Лахтинский пр.,  д. 98",Приморский,Леоненкова Станислава Анатольевна,576-19-55,576-19-55,,"СПб ГКУЗ ""Хоспис №1"""
39,Хосписы,"196643, Санкт-Петербург, п. Понтонный, ул. Заводская,  д. 36",Колпинский,Софиева Зоя Анисимовна,462-57-70,462-56-33,,"СПб ГКУЗ ""Хоспис №2"""
40,Хосписы,"194362, Санкт-Петербург, п.Парголово, ул. Ломоносова д.76 лит.Б",Выборгский,Лебединец Александр Иванович,594-87-33,594-87-33,,"СПб ГКУЗ ""Хоспис №3"""
41,Хосписы,"195427, Санкт-Петербург, пр. Светлановский, д. 85 литера А",Калининский,Москалев Эдуард Валерьевич,555-98-04,555-98-04,,"СПб ГКУЗ ""Хоспис №4"""
42,Хосписы,"192131, Санкт-Петербург, ул.Бабушкина, д.56 корп.3 лит.А",Невский,Кушнарева Ирина Владимировна,576-19-74,576-19-74,,"СПб ГАУЗ ""Хоспис (детский)"""
43,Детские городские больницы (кроме областных),"198205, Санкт-Петербург, ул. Авангардная, д. 14",Красносельский,Каган Анатолий Владимирович,735-16-91,735-99-98,,"СПб ГБУЗ ""Детская городская больница №1"""
44,Детские городские больницы (кроме областных),"199053, Санкт-Петербург, линия 1-я В.О., д. 58",Василеостровский,Микава Автандил Георгиевич,323-29-29,328-48-72,,"СПб ГБУЗ ""Детская городская больница №2 святой Марии Магдалины"""
45,Детские городские больницы (кроме областных),"194156, Санкт-Петербург, ул. Земледельческая, д. 2",Выборгский,Начинкина Татьяна Алексанровна,295-50-00,295-50-00,,"СПб ГБУЗ ""Детская городская больница Святой Ольги"""
46,Детские городские больницы (кроме областных),"192289, Санкт-Петербург, ул. Бухарестская, д. 134",Фрунзенский,Исанкина Людмила Николаевна,400-04-11,400-04-11,,"СПб ГБУЗ ""Детская городская клиническая больница №5 имени Нила Федоровича Филатова"""
47,Центры восстановительной терапии,"192148, Санкт-Петербург, ул. Цимбалина, д.58",Невский,Григорьева Надежда Борисовна,560-10-09,560-10-09,,"СПб ГБУЗ ""Центр медицинской и социальной реабилитации детей, оставшихся без попечения родителей  им.В.В.Цимбалина"""
48,Детские городские больницы (кроме областных),"190121, Санкт-Петербург, ул.Декабристов, д.40, лит.А",Адмиралтейский,Левиз Владимир Валентинович,714-00-03,714-00-03,,"СПб ГБУЗ ""Детская городская больница №17 Святителя Николая Чудотворца"""
49,Детские городские больницы (кроме областных),"191036, Санкт-Петербург, пр. Лиговский, д. 8",Центральный,Детков Вячеслав Юрьевич,578-75-01,578-75-82,,"СПб ГБУЗ ""Детская городская больница №19 им.К.А.Раухфуса"""
50,Детские городские больницы (кроме областных),"196657, г. Колпино, пр. Заводской,  д. 1",Колпинский,Мельникова Галина Сергеевна,573-94-01,573-94-01,,"СПб ГБУЗ ""Детская городская больница №22"""
51,инфекционные больницы для детей,"199026, Санкт-Петербург, пр. Большой В.О., д. 77/17",Василеостровский,Тюленева Галина Александровна,321-53-93,321-53-93,,"СПб ГБУЗ ""Детская инфекционная больница №3"""
52,Прочие больничные учреждения,"197376, Санкт-Петербург, наб. Песочная, д. 4",Петроградский,Шигашов Дмитрий Юрьевич,234-23-33,234-47-11,,"СПб ГКУЗ Центр восстановительного лечения ""Детская психиатрия""  имени С.С. Мнухина"
53,Врачебно - физкультурные диспансеры,"191028, Санкт-Петербург, наб. реки Фонтанки, д. 18",Центральный,Данилова-Перлей Виктория Ивановна,273-08-28,273-08-28,,"СПб ГБУЗ ""Городской врачебно-физкультурный диспансер"""
54,Врачебно - физкультурные диспансеры,"197022, Санкт-Петербург, пр. Каменноостровский, д. 48",Петроградский,Григорьев Владимир Владимирович,234-07-50,234-07-50,,"СПб ГБУЗ ""Межрайонный врачебно-физкультурный диспансер №1"""
55,Врачебно - физкультурные диспансеры,"198152, Санкт-Петербург, ул. Автовская, д. 18",Кировский,Артеева Татьяна Евгеньевна,784-85-38,784-85-38,,"СПб ГБУЗ ""Врачебно-физкультурный диспансер №3  (межрайонный)"""
56,Врачебно - физкультурные диспансеры,"195112, Санкт-Петербург, пр. Новочеркасский, д. 15",Красногвардейский,Гаврилова Елена Анатольевна,528-88-70,528-88-70,,"СПб ГБУЗ ""Врачебно-физкультурный диспансер Красногвардейского района"""
57,Кожно - венерологические диспансеры,"192102, Санкт-Петербург, наб. реки Волковки, д. 3",Фрунзенский,Смирнова Татьяна Сергеевна,766-23-10,766-23-10,,"СПб ГБУЗ ""Городской кожно-венерологический диспансер"""
58,Кожно - венерологические диспансеры,"199406, Санкт-Петербург, ул. Наличная, д. 19",Василеостровский,Погостин Сергей Евгеньевич,355-77-92,355-77-92,,"СПб ГБУЗ ""Кожно-венерологический диспансер №1"""
59,Кожно - венерологические диспансеры,"196084, Санкт-Петербург, Московский пр., д.95, кор.3, Литер А",Московский,Кольчик Наталия Сергеевна,387-42-93,387-42-93,,"СПб ГБУЗ ""Кожно-венерологический диспансер №2"""
60,Кожно - венерологические диспансеры,"198020, Санкт-Петербург, пр. Рижский, д. 43, лит. А",Адмиралтейский,Абдурахманов Владимир Леонидович,251-01-30,251-01-30,,"СПб ГБУЗ ""Кожно-венерологический диспансер №3"""
61,Кожно - венерологические диспансеры,"197227,Санкт-Петербург, пр. Сизова, д. 3, лит.А",Приморский,Теличко Игорь Николаевич,432-74-02,432-74-02,,"СПб ГБУЗ ""Кожно-венерологический диспансер №4"""
62,Кожно - венерологические диспансеры,"197136, Санкт-Петербург, ул. Лахтинская, д. 32",Петроградский,Лупеко Людмила Львовна,235-18-50,237-09-27,,"СПб ГБУЗ ""Кожно-венерологический диспансер №5"""
63,Кожно - венерологические диспансеры,"198264, Санкт-Петербург, ул. Летчика Пилютова, д. 41",Красносельский,Соколовская Анна Владимировна,744-27-83,744-27-83,,"СПб ГБУЗ ""Кожно-венерологический диспансер №6"""
64,Кожно - венерологические диспансеры,"198260, Санкт-Петербург, ул. Стойкости, д. 23",Кировский,Лобзев Николай Васильевич,750-15-64,750-15-66,,"СПб ГБУЗ ""Кожно-венерологический диспансер №7"""
65,Кожно - венерологические диспансеры,"195112, Санкт-Петербург, пр. Новочеркасский, д. 29/10",Красногвардейский,Касаткин Евгений Владимирович,528-63-48,528-63-48,,"СПб ГБУЗ ""Кожно-венерологический диспансер №8"""
66,Кожно - венерологические диспансеры,"195256, Санкт-Петербург, ул. Софьи Ковалевской, д. 10, корп.1",Калининский,Стрельникова Ирина Александровна,535-10-26,535-78-73,,"СПб ГБУЗ ""Кожно-венерологический диспансер №9"""
67,Кожно - венерологические диспансеры,"194021, Санкт-Петербург, пр. Пархоменко, д. 29, лит А",Выборгский,Гутка Владимир Орестович,550-20-66,550-21-60,,"СПб ГБУЗ ""Кожно-венерологический диспансер №10 - Клиника дерматологии и венерологии"""
68,Кожно - венерологические диспансеры,"191187, Санкт-Петербург, ул. Чайковского, д. 1",Центральный,Борухович Дмитрий Геннадьевич,273-62-07,273-62-07,,"СПб ГБУЗ ""Кожно-венерологический диспансер №11"""
69,Кожно - венерологические диспансеры,"192148, Санкт-Петербург, пр. Железнодорожный, 28, литер А",Невский,Гнатюк Ирина Ивановна,560-14-70,560-77-03,,"СПб ГБУЗ ""Кожно-венерологический диспансер Невского района"""
70,Наркологические диспансеры,"195196, Санкт-Петербург, ул. Стахановцев, д. 12",Красногвардейский,Сурмиевич Павел Евгеньевич,444-00-08,445-13-66,,"СПб ГБУЗ ""Межрайонный наркологический диспансер №1"""
71,Онкологические диспансеры,"197022, Санкт-Петербург, аллея 2-я Березовая, д. 3/5",Петроградский,Манихас Георгий Моисеевич,756-99-00,376-06-25,,"СПб ГБУЗ ""Городской клинический онкологический диспансер"""
72,Онкологические диспансеры,"196247, Санкт-Петербург, пр. Новоизмайловский, д.77",Московский,Харитонов Михаил Владимирович,370-45-80,374-12-16,,"СПб ГБУЗ ""Онкологический диспансер Московского района"""
73,Противотуберкулезные диспансеры,"196158, Санкт-Петербург, ул. Звездная, д. 12",Московский,Жемков Владимир Филиппович,726-92-80,726-72-76,,"СПб ГБУЗ ""Городской противотуберкулезный диспансер"""
74,Противотуберкулезные диспансеры,"196026, Санкт-Петербург, ул. Детская, д. 14",Василеостровский,Зайцев Андрей Викторович,322-29-02,322-29-02,,"СПб ГБУЗ ""Противотуберкулезный диспансер №2"""
75,Противотуберкулезные диспансеры,"197343, Санкт-Петербург,ул. Студенческая, д.16, лит.А",Петроградский,Алексеев Алексей Алексеевич,496-10-09,496-01-13,,"СПб ГБУЗ ""Межрайонный Петроградско-Приморский противотуберкулезный диспансер №3"""
76,Противотуберкулезные диспансеры,"195027, Санкт-Петербург, наб. Свердловская, д. 40 литер А",Калининский,Лавров Анатолий Константинович,225-07-34,225-07-34,,"СПб ГБУЗ ""Противотуберкулезный диспансер №5"""
77,Противотуберкулезные диспансеры,"191144, Санкт-Петербург, ул. 8-я Советская, д. 53",Центральный,Григорьева Галина Владимировна,271-38-92,271-46-20,,"СПб ГБУЗ ""Противотуберкулезный диспансер №8"""
78,Противотуберкулезные диспансеры,"194214, Санкт-Петербург, пр. Мориса Тореза, д.93 литер Б",Выборгский,Щедрина Светлана Валентиновна,554-44-37,554-44-37,,"СПб ГБУЗ ""Противотуберкулезный диспансер №11"""
79,Противотуберкулезные диспансеры,"190103, Санкт-Петербург, наб. реки Фонтанки, д.152-А",Адмиралтейский,Скрынник Наталья Алексеевна,251-73-71,251-73-71,,"СПб ГБУЗ ""Противотуберкулезный диспансер №12 Адмиралтейского района Санкт-Петербурга"""
80,Противотуберкулезные диспансеры,"192012, Санкт-Петербург, пр. Обуховской обороны, 231",Невский,Жевага Людмила Михайловна,362-33-18,362-33-18,,"СПб ГБУЗ ""Противотуберкулезный диспансер №14"""
81,Противотуберкулезные диспансеры,"198264, Санкт-Петербург, ул. Летчика Пилютова, д. 41",Красносельский,Молодых Зоя Александровна,744-26-65,744-26-65,,"СПб ГБУЗ ""Противотуберкулезный диспансер №15"""
82,Противотуберкулезные диспансеры,"198099, Санкт-Петербург, ул. Оборонная, д. 33",Кировский,Синицын Александр Валерьевич,786-20-10,786-20-10,,"СПб ГБУЗ ""Противотуберкулезный диспансер №16"""
83,Противотуберкулезные диспансеры,"191119, Санкт-Петербург, ул. Боровая, д. 1",Центральный,Новицкая Ирина Николаевна,764-77-66,764-77-66,,"СПб ГБУЗ ""Противотуберкулезный диспансер №17"""
84,Противотуберкулезные диспансеры,"196653, г. Колпино, пр. Ленина, д. 1/5 литер А",Колпинский,Бучкина Надежда Николаевна,461-72-18,461-72-18,,"СПб ГБУЗ ""Противотуберкулезный диспансер №4"""
85,Противотуберкулезные диспансеры,"196602, г. Пушкин, ш. Павловское, д.14",Пушкинский и Павловский,Козлов Вадим Валентинович,465-35-94,465-35-94,,"СПб ГБУЗ ""Пушкинский противотуберкулезный диспансер"""
86,Психоневрологические диспансеры,"199178, Санкт-Петербург, линия 12-я В.О., д. 39",Василеостровский,Дутов Владимир Борисович,328-81-25,328-81-25,,"СПб ГБУЗ ""Психоневрологический диспансер №1"""
87,Психоневрологические диспансеры,"197341, Санкт-Петербург, Фермское шоссе, д. 34",Выборгский,Караулов Олег Александрович,302-11-01,302-11-01,,"СПб ГБУЗ ""Психоневрологический диспансер №2"""
88,Психоневрологические диспансеры,"197198, Санкт-Петербург, пер. Татарский, д. 16",Петроградский,Грицевская Тамара Михайловна,232-57-01,233-33-27,,"СПб ГБУЗ ""Психоневрологический диспансер №3"""
89,Психоневрологические диспансеры,"197110, Санкт-Петербург, Пудожская ул., д.6",Приморский,Романовская Марина Владимировна,235-41-07,235-41-07,,"СПб ГКУЗ ""Психоневрологический диспансер №4"""
90,Психоневрологические диспансеры,"195176, Санкт-Петербург, ш. Революции, д. 17",Красногвардейский,Серазетдинова Лариса Григорьевна,227-67-55,227-67-55,,"СПб ГБУЗ ""Психоневрологический диспансер №5"""
91,Психоневрологические диспансеры,"196651, Санкт-Петербург, г. Колпино, пр. Ленина, д. 1/5",Колпинский,Орлова Светлана Львовна,461-55-54,461-05-35,,"СПб ГБУЗ ""Психоневрологический диспансер №6"""
92,Психоневрологические диспансеры,"190005, Санкт-Петербург, Старо-Петергофский пр., д. 50",Адмиралтейский,Литвинцев Сергей Викторович,251-93-33,251-93-33,,"СПб ГБУЗ  ""Городской психоневрологический диспансер №7 (со стационаром)"""
93,Психоневрологические диспансеры,"196211, Санкт-Петербург, пр. Юрия Гагарина, д. 18, корп. 3",Московский,Острецов Олег Валентинович,378-60-80,388-42-57,,"СПб ГБУЗ ""Психоневрологический диспансер №8"""
94,Психоневрологические диспансеры,"192131, Санкт-Петербург, ул. Ивановская, д.18",Невский,Спикина Анна Александровна,560-35-48,560-37-81,,"СПб ГБУЗ ""Психоневрологический диспансер №9 Невского района"""
95,Психоневрологические диспансеры,"190121, Санкт-Петербург, пер. Матвеева, д. 3 литера Г",Адмиралтейский,Тадтаев Виталий Александрович,714-20-10,714-20-10,,"СПб ГБУ ""Психоневрологический диспансер №10"""
96,Психоневрологические диспансеры,"190013, Санкт-Петербург, пер. Подъездной, д. 21",Фрунзенский,Бреслав Борис Эмануилович,315-51-59,315-51-59,,"СПб ГКУЗ ""Психоневрологический диспансер Фрунзенского района"""
97,Дома ребенка,"198207, Санкт-Петербург, ул. Зины Портновой, д. 40",Кировский,Ефимов Игорь Анатольевич,376-75-30,377-37-83,,"СПб ГКУЗ ""Дом ребенка специализированный №1 с органическим поражением центральной нервной системы с нарушением психики"""
98,Дома ребенка,"192289, Санкт-Петербург, бульвар Загребский, д. 42",Фрунзенский,Пеньков Дмитрий Григорьевич,366-75-43,778-40-06,,"СПб ГКУЗ ""Специализированный дом ребенка №3 (психоневрологический) Фрунзенского района"""
99,Дома ребенка,"194356, Санкт-Петербург, ул. Есенина,  д. 26, корп. 4",Выборгский,Козлова Татьяна Ариевна,517-15-10,517-15-10,,"СПб ГКУЗ ""Психоневрологический дом ребенка №4"""
100,Дома ребенка,"199155, Санкт-Петербург, ул. Одоевского, д. 23",Василеостровский,Тайц Светлана Александровна,350-04-09,350-16-67,,"СПб ГКУЗ ""Психоневрологический дом ребенка  №6"""
101,Дома ребенка,"198259, Санкт-Петербург, ул. Здоровцева, д. 35, корп. 2",Красносельский,Ламус Людмила Эдуардовна,730-43-68,730-43-68,,"СПб ГКУЗ ""Специализированный дом ребенка №7"""
102,Дома ребенка,"195176, Санкт-Петербург, ул. Синявинская, д. 18",Красногвардейский,Лохова Людмила Львовна,222-90-41,227-87-11,,"СПб ГКУЗ ""Психоневрологический дом ребенка №8 Красногвардейского района"""
103,Дома ребенка,"197183, Санкт-Петербург, пр. Приморский, д. 47",Приморский,Лянко Любовь Михайловна,430-03-54,430-03-54,,"СПб ГКУЗ ""Психоневрологический дом ребенка №9"""
104,Дома ребенка,"192029,Санкт-Петербург, пр. Елизарова, д.9 литера А",Невский,Маслова Ольга Григорьевна,365-24-61,365-24-61,,"СПб ГБУЗ ""Специализированный психоневрологический дом ребенка №12"""
105,Дома ребенка,"190068, Санкт-Петербург, канал Грибоедова, д. 98",Адмиралтейский,Никифорова Наталья Васильевна,407-43-07,407-43-07,,"СПб ГКУЗ ""Специализированный психоневрологический дом ребенка №13 Адмиралтейского района Санкт-Петербурга"""
106,Дома ребенка,"195009, Санкт-Петербург, ул. Бобруйская, д. 13",Калининский,Джангавадзе Нугзар Давидович,542-04-19,542-62-87,,"СПб ГКУЗ ""Специализированный дом ребенка №16 (психоневрологический)"""
107,Женские консультации,"196143, Санкт-Петербург, ул. Орджоникидзе, д. 21",Московский,Логунова Татьяна Евгеньевна,573-95-90,573-95-90,,"СПб ГБУЗ ""Женская консультация №5"""
108,Женские консультации,"190020, Санкт-Петербург, Нарвский пр., д.7, лит.А",Адмиралтейский,Светозарова Ирина Вячеславовна,572-54-52,714-34-79,,"СПб ГБУЗ ""Женская консультация №18"""
109,Женские консультации,"194354, Санкт-Петербург, ул. Сикейроса,  д. 10, лит. В",Выборгский,Кутуева Флора Рафхатовна,296-31-08,296-31-08,,"СПб ГБУЗ ""Женская консультация №22"""
110,Женские консультации,"193079, Санкт-Петербург, ул. Народная, д. 17, корп. 2",Невский,Ким Ирина Валерьевна,446-14-59,446-14-59,,"СПб ГБУЗ ""Женская консультация №33"""
111,Женские консультации,"197348, Санкт-Петербург, пр. Богатырский,  д. 7 корп. 5",Приморский,Гринберг Елена Евгеньевна,393-25-59,395-42-71,,"СПб ГБУЗ ""Женская консультация №40"""
112,Женские консультации,"196601, Санкт-Петербург, г. Пушкин, ул. Госпитальная,  д. 11, литер А",Пушкинский и Павловский,Машика Татьяна Яковлевна,476-63-82,476-63-82,,"СПб ГБУЗ ""Женская консультация №44"" Пушкинского района"
113,Клиники HИИ,"192242, Санкт-Петербург, ул. Будапештская, д. 3/5",Фрунзенский,Парфенов Валерий Евгеньевич,705-09-97,774-86-75,,"ГБУ ""Санкт-Петербургский научно-исследовательский институт скорой помощи имени И.И. Джанелидзе"""
114,Поликлиники,"199155, Санкт-Петербург, В.О. ул. Железноводская, д. 64",Василеостровский,Юшковский Владимир Олегович,350-28-37,350-64-95,,"СПб ГБУЗ ""Городская поликлиника №3"""
115,Поликлиники,"199178, Санкт-Петербург, В.О. 13-я линия, д.16",Василеостровский,Абдуллаев Алишер Юлдашевич,323-42-27,323-68-77,,"СПб ГБУЗ ""Городская поликлиника №4"""
116,Поликлиники,"192148, Санкт-Петербург, пр. Елизарова, д. 32, корп. 2, лит.А",Невский,Бычков Роман Васильевич,365-37-69,576-03-20,,"СПб ГБУЗ ""Городская поликлиника №6"""
117,Поликлиники,"193315, Санкт-Петербург, ул. Новоселов, д. 45",Невский,Ященкова Светлана Викторовна,446-34-16,446-34-16,,"СПб ГБУЗ ""Городская поликлиника №8"""
118,Поликлиники,"194021, Санкт-Петербург, пр. 2-й Муринский, д. 35",Выборгский,Панов Виктор Петрович,550-24-67,550-22-59,,"СПб ГБУЗ ""Городская поликлиника №14"""
119,Поликлиники,"195176, Санкт-Петербург, пр. Металлистов, д. 56, лит.А",Красногвардейский,Романов Андрей Владимирович,222-51-90,222-62-72,,"СПб ГБУЗ ""Городская поликлиника №17"""
120,Поликлиники,"192238, Санкт-Петербург, ул. Пражская, д. 11",Фрунзенский,Карайланов Михаил Георгиевич,269-11-29,269-11-29,,"СПб ГБУЗ ""Городская поликлиника №19"""
121,Поликлиники,"196247, Санкт-Петербург, ул. Костюшко, д. 6",Московский,Галеева Людмила Николаевна,375-39-12,375-39-12,,"СПб ГБУЗ ""Городская поликлиника №21"""
122,Поликлиники,"196651, Санкт-Петербург, г.Колпино, Ижорский завод, д. б/н, лит. БТ",Колпинский,Лубнина Наталия Евгеньевна,573-99-50,573-99-50,,"СПб ГБУЗ ""Городская поликлиника №22"""
123,Поликлиники,"198099, Санкт-Петербург, ул. Косинова,  д. 17, лит.А",Кировский,Мельник Ольга Алексеевна,786-66-66,786-66-66,,"СПб ГБУЗ ""Городская поликлиника №23"""
124,Поликлиники,"198013, Санкт-Петербург, ул. Серпуховская, д. 7",Адмиралтейский,Кнестяпин Руслан Вадимович,316-16-55,316-16-55,,"СПб ГБУЗ ""Городская поликлиника №24"""
125,Поликлиники,"193318, Санкт-Петербург, пр.Солидарности, д.1 корп.1, лит. А",Невский,Комарницкий Владимир Миронович,580-88-32,580-88-32,,"СПб ГБУЗ ""Городская поликлиника №25 Невского района"""
126,Поликлиники,"190068, Санкт-Петербург, пр. Вознесенский, д. 29, лит.А",Адмиралтейский,Команенко Андрей Александрович,314-05-75,315-92-80,,"СПб ГБУЗ ""Городская поликлиника №27"""
127,Поликлиники,"190013, Санкт-Петербург, пер. Подъездной, д. 2 литер А",Адмиралтейский,Давыдов Сергей Вячеславович,764-67-00,764-67-00,,"СПб ГБУЗ ""Городская поликлиника №28"""
128,Поликлиники,"197110, Санкт-Петербург, ул. Малая Зеленина, д. 6",Петроградский,Гриненко Татьяна Романовна,235-10-77,235-10-77,,"СПб ГБУЗ ""Городская поликлиника №30"""
129,Поликлиники,"197022, Санкт-Петербург, пер.Вяземский,  д.3",Петроградский,Ширшова Наталья Юрьевна,234-57-49,346-13-88,,"СПб ГБУЗ ""Городская поликлиника №32"""
130,Поликлиники,"197198, Санкт-Петербург, ул.Зверинская,  д.15",Петроградский,Дементьев Владимир Евгеньевич,233-12-42,233-11-08,,"СПб ГБУЗ ""Городская поликлиника №34"""
131,Поликлиники,"191186, Санкт-Петербург, ул.Гороховая, д.6, лит.А",Центральный,Ким Андрей Вячеславович,312-82-43,312-82-43,,"СПб ГБУЗ ""Городская поликлиника №37"""
132,Поликлиники,"193015, Санкт-Петербург, ул. Кавалергардская, д. 26, лит.А",Центральный,Меркулов Сергей Николаевич,271-44-98,271-44-98,,"СПб ГБУЗ ""Городская поликлиника №38"""
133,Поликлиники,"191123, Санкт-Петербург, ул. Фурштатская, д.36, лит.Б",Центральный,Иванова Ольга Павловна,272-99-38,272-99-38,,"СПб ГБУЗ ""Городская поликлиника  №39"""
134,Поликлиники,"191025, Санкт-Петербург, пр. Невский, д. 86",Центральный,Беляевский Владимир Вадимович,244-38-68,244-38-69,,"СПб ГАУЗ ""Городская поликлиника №40"""
135,Поликлиники,"198207, Санкт-Петербург, пр.Ленинский, д.123, корп.2",Кировский,Родыгин Сергей Александрович,377-23-92,376-70-65,,"СПб ГБУЗ ""Городская поликлиника №43"""
136,Поликлиники,"192071, Санкт-Петербург, ул. Будапештская, д.20",Фрунзенский,Глубоковский Константин Сергеевич,774-32-44,774-32-44,,"СПб ГБУЗ ""Городская поликлиника №44"""
137,Поликлиники,"193174, Санкт-Петербург, ул. Седова, д.95, корп. 2, лит.А",Невский,Василевская Людмила Николаевна,362-03-68,362-03-68,,"СПб ГБУЗ ""Городская поликлиника №46"""
138,Поликлиники,"196191, Санкт-Петербург, ул. Бассейная, д.19",Московский,Шипилова Валентина Александровна,374-03-40,375-63-00,,"СПб ГБУЗ ""Городская поликлиника №48"""
139,Поликлиники,"197343, Санкт-Петербург, ул.Ланская,  д.12",Приморский,Наумова Фарида Хамитовна,430-29-20,430-29-20,,"СПб ГБУЗ ""Городская поликлиника №49"""
140,Поликлиники,"196211, Санкт-Петербург, пр. Космонавтов, д.35",Московский,Никитина Оксана Григорьевна,379-17-59,379-17-59,,"СПб ГБУЗ ""Городская поликлиника №51"""
141,Поликлиники,"194356, Санкт-Петербург, ул. Асафьева, д.1",Выборгский,Чеканина Мария Ивановна,596-00-01,596-00-13,,"СПб ГБУЗ ""Городская поликлиника №52"""
142,Поликлиники,"195197, Санкт-Петербург, ул. Васенко, д.9",Калининский,Зернюк Юрий Алексеевич,540-70-07,540-70-07,,"СПб ГБУЗ ""Городская поликлиника №54"""
143,Поликлиники,"192241, Санкт-Петербург, ул.Пражская, д.40",Фрунзенский,Мелихов Евгений Анатольевич,269-03-24,269-03-24,,"СПб ГБУЗ ""Городская поликлиника №56"""
144,Поликлиники,"196600,  Санкт-Петербург, г. Пушкин, ул. Московская,  д. 15",Пушкинский и Павловский,Емельянов Антон Олегович,476-52-79,476-52-79,,"СПб ГБУЗ ""Городская поликлиника №60 Пушкинского района"""
145,Поликлиники,"190121, Санкт-Петербург, пер. Матвеева, д. 3",Адмиралтейский,Обухова Светлана Павловна,326-41-75,326-41-75,,"СПб ГБУЗ ""Городская поликлиника №62"""
146,Поликлиники,"198515,Санкт-Петербург, пос.Стрельна, ул.Фронтовая,  д.1, литер А",Петродворцовый,Слотин Александр Вячеславович,421-40-23,421-40-53,,"СПб ГБУЗ ""Городская поликлиника №64"""
147,Поликлиники,"196653, Санкт-Петербург, г. Колпино, ул.Павловская, д.10",Колпинский,Косый Сергей Николаевич,461-50-86,461-65-26,,"СПб ГБУЗ ""Городская поликлиника №71"""
148,Поликлиники,"196641, Санкт-Петербург, п.Металлострой, ул.Пионерская,  д.1",Колпинский,Камчаткина Татьяна Александровна,464-55-10,464-55-10,,"СПб ГБУЗ ""Городская поликлиника №72"""
149,Поликлиники,"197762, Санкт-Петербург,  г. Кронштадт, ул. Комсомола,  д. 2, литер А",Кронштадтский,Сергеев Михаил Николаевич,435-31-12,435-31-12,,"СПб ГБУЗ ""Городская поликлиника №74"""
150,Поликлиники,"196128, Санкт-Петербург, ул. Кузнецовская, д.9",Московский,Коновал Алексей Иосифович,369-88-88,369-88-88,,"СПб ГБУЗ ""Городская поликлиника №75"""
151,Поликлиники,"194021, Санкт-Петербург, ул. Хлопина, д.11, корп. 1",Калининский,Вахрушева Галина Васильевна,534-47-77,534-47-77,,"СПб ГБУЗ ""Городская поликлиника №76"""
152,Поликлиники,"192177, Санкт-Петербург, пр.Шлиссельбургский, д.25, корп.1",Невский,Габриелова Елена Ивановна,700-51-49,700-51-49,,"СПб ГБУЗ ""Городская поликлиника №77 Невского района"""
153,Поликлиники,"192239, Санкт-Петербург, ул.Будапештская, д.63 корп.2",Фрунзенский,Сухин Василий Владимирович,361-15-03,361-17-00,,"СПб ГБУЗ ""Городская поликлиника №78"""
154,"Хозрасчетные поликлиники, амбулатории","190000, Санкт-Петербург, Казанская ул., д.54, литера А",Адмиралтейский,Андреевский Сергей Дмитриевич,315-25-10,,,"СПб ГАУЗ ""Городская поликлиника №81"""
155,"Хозрасчетные поликлиники, амбулатории","197198, Санкт-Петербург, пр. Большой П.С., д. 10",Петроградский,Сафронова Маргарита Михайловна,233-67-72,235-82-89,,"СПб ГАУЗ ""Поликлиника №83"""
156,Поликлиники,"195299, Санкт-Петербург, ул.Киришская, д.5, корп.3",Калининский,Дремов Роман Иванович,531-58-36,531-58-36,,"СПб ГБУЗ ""Городская поликлиника №86"""
157,Поликлиники,"193232, Санкт-Петербург, ул.Дыбенко, д.21, корп.2",Невский,Сочкова Любовь Викторовна,585-78-00,585-78-00,,"СПб ГБУЗ ""Городская поликлиника №87"""
158,Поликлиники,"198261, Санкт-Петербург, ул.Генерала Симоняка,  д.6",Кировский,Гвоздева Марина Юрьевна,750-02-31,750-92-46,,"СПб ГБУЗ ""Городская поликлиника №88"""
159,Поликлиники,"198329, Санкт-Петербург, ул.Отважных, д.8",Красносельский,Яковлева Наталья Владимировна,735-19-31,735-19-31,,"СПб ГБУЗ ""Городская поликлиника №91"""
160,Поликлиники,"198320, Санкт-Петербург, г.Красное Село, ул. Освобождения, д. 15",Красносельский,Исакова Татьяна Ивановна,741-16-46,741-71-24,,"СПб ГБУЗ ""Городская поликлиника №93"""
161,Поликлиники,"193231, Санкт-Петербург, пр.Товарищеский, д.24",Невский,Капушова Ираида Александровна,583-01-21,583-01-21,,"СПб ГБУЗ ""Городская поликлиника №94"""
162,Поликлиники,"196657, Санкт-Петербург, г.Колпино, ул.Машиностроителей,  д.10",Колпинский,Исаева Татьяна Викторовна,481-45-22,481-45-22,,"СПб ГБУЗ ""Городская поликлиника №95"""
163,Поликлиники,"195274, Санкт-Петербург, пр.Просвещения, д.53, корп.2, литер А",Калининский,Мотовилов Дмитрий Леонидович,557-88-58,557-88-58,,"СПб ГБУЗ ""Городская поликлиника №96"""
164,Поликлиники,"194291, Санкт-Петербург, ул.Кустодиева, д.6, к.1 литер А",Выборгский,Ефимов Игорь Михайлович,517-14-05,517-14-05,,"СПб ГБУЗ ""Городская поликлиника №97"""
165,Поликлиники,"197227, Санкт-Петербург, Серебристый бул.,  д.14 корп. 1",Приморский,Комиссарова Любовь Григорьевна,393-44-55,393-20-24,,"СПб ГБУЗ ""Городская поликлиника №98"""
166,Поликлиники,"194358, Санкт-Петербург, ул.Есенина,  д.38, корп.1",Выборгский,Лебединец Татьяна Николаевна,517-81-73,517-81-73,,"СПб ГБУЗ ""Городская поликлиника №99"""
167,Амбулатории,"190107, Санкт-Петербург, пл. Исаакиевская, д. 6",Адмиралтейский,Бутко Дмитрий Юрьевич,570-37-15,570-37-15,,"СПб ГКУЗ ""Амбулатория Мариинская"""
168,Поликлиники,"193318, Санкт-Петербург, пр.Искровский, д.10",Невский,Лаура Ольга Борисовна,588-77-71,588-77-71,,"СПб ГБУЗ ""Городская поликлиника №100 Невского района Санкт-Петербурга"""
169,Поликлиники,"197341, Санкт-Петербург, ул. Королева, д. 5",Приморский,Новикова Татьяна Николаевна,301-88-17,301-88-17,,"СПб ГБУЗ ""Городская поликлиника №102"""
170,Поликлиники,"194354, Санкт-Петербург, ул.Сикейроса,  д.10, литер А",Выборгский,Буряк Борис Анатольевич,554-00-25,554-01-20,,"СПб ГБУЗ ""Городская поликлиника №104"""
171,Поликлиники,"198328, Санкт-Петербург, ул.Рихарда Зорге, д.1",Красносельский,Гончарова Ирина Всеволодовна,745-02-43,745-02-43,,"СПб ГБУЗ ""Городская поликлиника №106"""
172,Поликлиники,"195030, Санкт-Петербург, ул.Коммуны, д.36, литер А",Красногвардейский,Комаров Андрей Григорьевич,521-11-51,525-52-71,,"СПб ГБУЗ ""Городская поликлиника №107"""
173,Поликлиники,"192283, Санкт-Петербург, ул.Олеко Дундича, д.8, корп.2",Фрунзенский,Мелихов Евгений Анатольевич,778-88-54,778-88-54,,"СПб ГБУЗ ""Городская поликлиника №109"""
174,Поликлиники,"197349, Санкт-Петербург, ул.Ольховая,  д.6",Приморский,Юплов Иван Валентинович,348-99-88,348-99-88,,"СПб ГБУЗ ""Городская поликлиника №111"""
175,Поликлиники,"195427, Санкт-Петербург, ул.Академика Байкова, д.25, корп.1",Калининский,Косенко Александр Александрович,555-92-22,555-92-22,,"СПб ГБУЗ ""Городская поликлиника №112"""
176,Поликлиники,"197374, Санкт-Петербург, ул.Школьная,, д.116, корп.1, литер А",Приморский,Анисимова Светлана Викторовна,344-27-93,344-27-93,,"СПб ГБУЗ ""Городская поликлиника №114"""
177,Поликлиники,"194358, Санкт-Петербург, ул.Симонова, д.5, корп.1, литер А",Выборгский,Сахарчук Валентин Иванович,497-73-25,497-73-25,,"СПб ГБУЗ ""Городская поликлиника №117"""
178,Поликлиники,"195427, Санкт-Петербург, ул.Академика Байкова, д.27",Калининский,Петрова Тамара Михайловна,550-80-90,550-80-90,,"СПб ГБУЗ ""Городская поликлиника №118"""
179,Поликлиники,"195426, Санкт-Петербург, ул.Ленская, д.4 к.1, литера А",Красногвардейский,Пиргулова Тамара Николаевна,577-25-00,577-25-51,,"СПб ГБУЗ ""Городская поликлиника №120"""
180,Поликлиники,"198412, Санкт-Петербург, г.Ломоносов, ул. Красноармейская,  д.20",Петродворцовый,Литвинова Елена Владимировна,423-09-08,423-09-08,,"СПб ГБУЗ ""Городская поликлиника №122"""
181,Детские поликлиники,"194291, Санкт-Петербург, ул.Кустодиева, д.8, литер А",Выборгский,Матесович Елена Болеславовна,517-09-26,517-38-85,,"СПб ГБУЗ ""Детская городская поликлиника № 7"""
182,Детские поликлиники,"191123, Санкт-Петербург, ул. Чайковского, д. 73",Центральный,Блашенкова Надежда Юрьевна,272-31-28,272-31-28,,"СПб ГБУЗ ""Детская городская поликлиника №8"""
183,Детские поликлиники,"194021, Санкт-Петербург, пр.Пархоменко, д.30",Выборгский,Трифонова Надежда Анатольевна,550-24-80,550-24-80,,"СПб ГБУЗ ""Детская городская поликлиника №11"""
184,Детские поликлиники,"194358, Санкт-Петербург, ул.Есенина,  д.38 , корп.2",Выборгский,Корнилова Эльмира Григорьевна,517-84-35,517-84-35,,"СПб ГБУЗ ""Детская городская поликлиника №17"""
185,Детские поликлиники,"197046, Санкт-Петербург, ул.Куйбышева, д.25",Петроградский,Фесенко Елена Владимировна,233-50-14,233-51-14,,"СПб ГБУЗ ""Детская городская поликлиника №19"""
186,Детские поликлиники,"195274, Санкт-Петербург, ул. Демьяна Бедного, д.18, корп.3",Калининский,Щербакова Елена Геннадьевна,559-07-21,559-07-21,,"СПб ГБУЗ ""Детская городская поликлиника №29"""
187,Детские поликлиники,"197341, Санкт-Петербург, пр. Королева,  д. 3, корп.2, литер А",Приморский,Громова Татьяна Самуиловна,394-72-65,394-72-65,,"СПб ГБУЗ ""Детская поликлиника №30"""
188,Детские поликлиники,"196191, Санкт-Петербург, пр.Ленинский, д.168, корп.2",Московский,Федорова Людмила Михайловна,375-71-01,375-71-01,,"СПб ГБУЗ ""Детская городская поликлиника №35"""
189,Детские поликлиники,"191144, Санкт-Петербург, ул.Мытнинская, д.25, литер А",Центральный,Шакун Елена Юрьевна,271-13-74,274-11-73,,"СПб ГБУЗ ""Детская городская поликлиника №44"""
190,Детские поликлиники,"193312, Санкт-Петербург, пр.Товарищеский, д.10, корп.3",Невский,Новикова Марина Михайловна,584-54-95,584-54-95,,"СПб ГБУЗ ""Детская городская поликлиника №45 Невского района"""
191,Детские поликлиники,"196600, Санкт-Петербург,  г.Пушкин, Софийский бульвар, д.28, литер А",Пушкинский и Павловский,Малышева Лариса Валерьевна,466-47-20,,,"СПб ГБУЗ ""Детская городская поликлиника №49"" Пушкинского района"
192,Детские поликлиники,"196657, Санкт-Петербург, г.Колпино, ул.Металлургов,  д.11, литер А",Колпинский,Резчикова Галина Борисовна,573-92-16,573-92-16,,"СПб ГБУЗ ""Детская городская поликлиника №51"""
193,Детские поликлиники,"193318, Санкт-Петербург, пр.Искровский, д.8",Невский,Кряжева Светлана Валерьевна,589-17-34,589-17-34,,"СПб ГБУЗ ""Детская городская поликлиника №62"""
194,Детские поликлиники,"194358, Санкт-Петербург, ул.Симонова, д.3, литер А",Выборгский,Колганова Галина Михайловна,515-79-13,515-51-84,,"СПб ГБУЗ ""Детская городская поликлиника №63"""
195,Детские поликлиники,"198510, Санкт-Петербург,  г.Петродворец, ул.Аврова,  д.19, литер А",Петродворцовый,Тюляева Наталья Григорьевна,427-25-50,427-25-50,,"СПб ГБУЗ ""Детская городская поликлиника №67"""
196,Детские поликлиники,"195426, Санкт-Петербург, пр.Наставников, д.20,  корп.1, литер А",Красногвардейский,Васильев Вячеслав Вячеславович,524-16-74,524-16-74,,"СПб ГБУЗ ""Детская городская поликлиника №68"""
197,Детские поликлиники,"194354, Санкт-Петербург, пр.Энгельса,  д.117, литер А",Выборгский,Савельева Татьяна Ивановна,594-12-16,594-12-16,,"СПб ГБУЗ ""Детская городская поликлиника №71"""
198,Детские поликлиники,"192177, Санкт-Петербург, ул.Караваевская, д.30",Невский,Масленцева Лариса Юрьевна,700-87-15,700-87-15,,"СПб ГБУЗ ""Детская городская поликлиника №73"""
199,Медицинские диагностические центры,"197183, Санкт-Петербург, пр. Приморский, д. 3",Приморский,Королькова Екатерина Викторовна,492-35-40,430-66-33,,"СПб ГБУЗ ""Консультативно-диагностическая поликлиника №1 Приморского района"""
200,ГУП,"190013, Санкт-Петербург, ул. Рузовская, д.18",Адмиралтейский,Литвинова Светлана Леонидовна,316-19-77,712-60-70,,"СПб ГУП ""Медтехника"""
201,Cтоматологические поликлиники (для взрослых),"199004, Санкт-Петербург, линия 8-я В.О., д.41",Василеостровский,Статовская Елена Евгеньевна,323-32-68,323-39-90,,"СПб ГБУЗ ""Городская стоматологическая поликлиника №2"""
202,Cтоматологические поликлиники (для взрослых),"199026, Санкт-Петербург, линия 21-я В.О., д.12",Василеостровский,Андреева Ольга Борисовна,321-99-10,327-98-34,,"СПб ГБУЗ ""Городская стоматологическая поликлиника №3"""
203,Cтоматологические поликлиники (для взрослых),"194044, Санкт-Петербург, Беловодский пер., д. 1, лит. Л",Выборгский,Климов Андрей Геннадьевич,331-64-34,331-64-34,,"СПб ГБУЗ ""Стоматологическая поликлиника №4"""
204,Cтоматологические поликлиники (для взрослых),"197198, Санкт-Петербург, ул.Ижорская, д.5, лит.А",Петроградский,Кыткина Татьяна Дмитриевна,230-60-77,232-32-01,,"СПб ГБУЗ ""Стоматологическая поликлиника №6"""
205,Cтоматологические поликлиники (для взрослых),"195027, Санкт-Петербург, пр. Большеохтинский, д. 27",Красногвардейский,Старкова Софья Юрьевна,227-10-17,227-15-11,,"СПб ГБУЗ ""Стоматологическая поликлиника №8"""
206,Cтоматологические поликлиники (для взрослых),"191028, Санкт-Петербург, ул.Чайковского, д.27 литер А",Центральный,Рубежов Александр Леонидович,273-24-19,273-14-31,,"СПб ГБУЗ ""Стоматологическая поликлиника №9"""
207,Cтоматологические поликлиники (для взрослых),"198097, Санкт-Петербург, пер. Огородный, 4, корп 2",Кировский,Рунге Роберт Иоганович,786-58-06,252-66-01,,"СПб ГБУЗ ""Стоматологическая поликлиника №10"""
208,Cтоматологические поликлиники (для взрослых),"198216, Санкт-Петербург, пр.Ленинский, д.138/5",Кировский,Черемисова Елена Викторовна,377-38-12,377-38-12,,"СПб ГБУЗ ""Стоматологическая поликлиника №11"""
209,Cтоматологические поликлиники (для взрослых),"196084, Санкт-Петербург, пр. Московский, д. 122, литер В",Московский,Крылова Надежда Ивановна,388-09-26,388-32-41,,"СПб ГБУЗ ""Стоматологическая поликлиника №12"""
210,Cтоматологические поликлиники (для взрослых),"192029, Санкт-Петербург, пр. Обуховской обороны, 123, литер А",Невский,Гудец Елена Юрьевна,412-54-56,412-54-56,,"СПб ГБУЗ ""Стоматологическая поликлиника №13"""
211,Cтоматологические поликлиники (для взрослых),"190031, Санкт-Петербург, пер. Спасский, д.10",Адмиралтейский,Вараксова Татьяна Яковлевна,310-87-07,310-87-07,,"СПб ГБУЗ ""Стоматологическая поликлиника №14 Адмиралтейского района Санкт-Петербурга"""
212,Cтоматологические поликлиники (для взрослых),"190013, Санкт-Петербург, пр. Загородный, д.48, литер А",Фрунзенский,Ильин Филипп Юрьевич,764-68-01,764-68-01,,"СПб ГБУЗ ""Стоматологическая поликлиника №15"""
213,Cтоматологические поликлиники (для взрослых),"190005, Санкт-Петербург, ул. 4-я Красноармейская, д.19",Адмиралтейский,Поленс Александр Анатольевич,316-26-08,316-11-14,,"СПб ГБУЗ ""Поликлиника стоматологическая №16"""
214,Cтоматологические поликлиники (для взрослых),"197101, Санкт-Петербург, ул. Рентгена, д. 9",Петроградский,Ерохина Надежда Ивановна,346-42-03,346-35-29,,"СПб ГБУЗ ""Стоматологическая поликлиника №17"""
215,Cтоматологические поликлиники (для взрослых),"196653, г.Колпино, ул.Веры Слуцкой, д.9, литер А",Колпинский,Алескеров Джавад Шахин оглы,461-77-22,461-77-22,,"СПб ГБУЗ ""Стоматологическая поликлиника №18"""
216,Cтоматологические поликлиники (для взрослых),"196607, Санкт-Петербург, Пушкинский район, ул. Школьная,  д. 33, литер А",Пушкинский и Павловский,Березкина Ирина Викторовна,465-81-45,465-81-45,,"СПб ГБУЗ ""Стоматологическая поликлиника №19"" Пушкинского района"
217,Cтоматологические поликлиники (для взрослых),"198302, Санкт-Петербург, ул. Маршала Казакова, д.14, корп.3",Кировский,Голинский Юрий Георгиевич,757-44-66,757-44-66,,"СПб ГБУЗ ""Стоматологическая поликлиника №20"""
218,Хозрасчетные стоматологические поликлиники,"191014, Санкт-Петербург, пер. Басков, д. 38",Центральный,Степаненко Галина Николаевна,273-60-01,273-70-13,,"СПб ГАУЗ ""Поликлиника городская стоматологическая №22"""
219,Cтоматологические поликлиники (для взрослых),"198206, Санкт-Петербург, ул.Пограничника Гарькавого, д.14, литер А",Красносельский,Соловьев Владислав Викторович,744-59-13,744-59-13,,"СПб ГБУЗ ""Стоматологическая поликлиника №28 Красносельского района"""
220,Cтоматологические поликлиники (для взрослых),"192284, Санкт-Петербург, ул. Будапештская, д. 69, корп.1, лит.А",Фрунзенский,Окунев Михаил Александрович,772-66-67,772-66-67,,"СПб ГБУЗ ""Стоматологическая поликлиника №29"""
221,Cтоматологические поликлиники (для взрослых),"195273, Санкт-Петербург, пр. Науки, д. 46",Калининский,Бодякина Элла Алексеевна,299-15-55,299-14-16,,"СПб ГБУЗ ""Стоматологическая поликлиника №30"""
222,Cтоматологические поликлиники (для взрослых),"193312, Санкт-Петербург, пр.Солидарности, д.12, корп.1",Невский,Червонная Валерия Геннадьевна,588-90-70,588-90-70,,"СПб ГБУЗ ""Стоматологическая поликлиника №31 Невского района"""
223,Cтоматологические поликлиники (для взрослых),"195426, Санкт-Петербург, пр. Наставников, д. 22, литер А",Красногвардейский,Новицкая Екатерина Валентиновна,521-65-00,521-65-01,,"СПб ГБУЗ ""Стоматологическая поликлиника №32"""
224,Cтоматологические поликлиники (для взрослых),"197341, Санкт-Петербург, ул.Королева,  д.3, корп.1, литер А",Приморский,Ермолаева Людмила Александровна,301-80-59,301-80-59,,"СПб ГБУЗ ""Городская стоматологическая поликлиника №33"""
225,Детские стоматологические поликлиники,"199406, Санкт-Петербург, ул. Шевченко, д. 30, литер А",Василеостровский,Беляева Светлана Анатольевна,355-79-79,355-79-26,,"СПб ГБУЗ ""Детская городская стоматологическая поликлиника №1"""
226,Детские стоматологические поликлиники,"195271, Санкт-Петербург, ул. Брюсовская, д. 2, лит.А",Калининский,Прус Лариса Григорьевна,543-40-33,544-70-97,,"СПб ГБУЗ ""Детская стоматологическая поликлиника №3"""
227,Детские стоматологические поликлиники,"198088, Санкт-Петербург, ул. Маршала Говорова,  д. 15",Кировский,Сухляева Юлия Владимировна,783-20-88,785-05-01,,"СПб ГБУЗ ""Детская стоматологическая поликлиника №4"""
228,Детские стоматологические поликлиники,"198068, Санкт-Петербург, пр. Вознесенский, д.34 литер В",Адмиралтейский,Седнева Яна Юрьевна,310-06-84,310-08-85,,"СПб ГБУЗ ""Городская детская стоматологическая поликлиника №6"""
229,Родильные дома,"199178, Санкт-Петербург, пр. Большой В.О., д. 49/51",Василеостровский,Мацко Валентина Александровна,321-42-80,321-42-88,,"СПб ГБУЗ ""Родильный дом №1 (специализированный)"""
230,Родильные дома,"191014, Санкт-Петербург, ул. Маяковского, д.  5",Центральный,Гайдукова Ирина Рэмовна,273-54-93,273-54-93,,"СПб ГБУЗ ""Родильный дом №6 им. проф. В.Ф.Снегирева"""
231,Родильные дома,"196158, Санкт-Петербург, ул. Орджоникидзе, д 47",Московский,Атласов Владимир Олегович,726-44-55,726-44-55,,"СПб ГБУЗ ""Родильный дом №9"""
232,Родильные дома,"198259, Санкт-Петербург, ул. Тамбасова, д. 21",Красносельский,Иванова Лада Анатольевна,730-30-20,730-30-20,,"СПб ГБУЗ ""Родильный дом №10"""
233,Родильные дома,"191124, Санкт-Петербург, ул.Костромская, д.4",Центральный,Вереха Владимир Иванович,271-16-74,271-16-74,,"СПб ГБУЗ ""Родильный дом №13"""
234,Родильные дома,"192283, Санкт-Петербург, ул. Малая Балканская, д. 54",Фрунзенский,Шапкайц Владимир Александрович,778-91-71,778-91-71,,"СПб ГБУЗ ""Родильный дом №16"""
235,Родильные дома,"192174, Санкт-Петербург, ул. Леснозаводская, д. 4, корп.1",Невский,Михайлов Антон Валерьевич,362-04-85,362-04-85,,"СПб ГБУЗ ""Родильный дом №17"""
236,Родильные дома,"193312, Санкт-Петербург, пр. Солидарности, д. 6",Невский,Гриненко Галина Викторовна,589-14-80,589-14-80,,"СПб ГБУЗ ""Родильный дом №18"""
237,Санаторно-курортные учреждения,"197706, Санкт-Петербург, г.Сестрорецк, 38-й км Приморского шоссе, д. 2",Курортный,Бойков Александр Николаевич,437-31-93,437-36-32,,"СПб ГАУЗ Санаторий ""Белые ночи"""
238,Санаторно-курортные учреждения,"196607, Санкт-Петербург, г. Пушкин, ул. Леонтьевская,  д. 35",Пушкинский и Павловский,Степанов Виктор Васильевич,470-03-56,465-66-69,,"СПб ГКУЗ Детский туберкулезный санаторий ""Дружба"""
239,Санаторно-курортные учреждения,"188826, Ленинградская обл., Выборгский р-н, п.Сосновый Бор",Ленинградская область,Дзюба Евгений Григорьевич,8-813-78-62-530,8-813-78-62-586,,"СПб ГБУЗ Городской туберкулезный санаторий ""Сосновый Бор"""
240,Санаторно-курортные учреждения,"197760, г. Кронштадт, Цитадельское шоссе, д.30",Кронштадтский,Ни Владимир Константинович,311-03-38,,,"СПб ГБУЗ Детский санаторий ""Аврора"""
241,Санаторно-курортные учреждения,"188333, Ленинградская обл., Гатчинский р-н, пос. Сиверский, пр. Пионерский,  д. 2",Ленинградская область,Сокольникова Виктория Валерьевна,8-813-71-44-212,8-813-71-44-212,,"СПб ГКУЗ Детский санаторий ""Березка"""
242,Санаторно-курортные учреждения,"197920,  Санкт-Петербург, Зеленогорск, п. Ушково, ул.Пляжевая,  д. 10",Курортный,Власенко Галина Петровна,433-40-27,433-46-72,,"СПб ГКУЗ Детский санаторий ""Жемчужина"""
243,Санаторно-курортные учреждения,"197720, Курортный район, п. Ушково, шоссе Приморское,  д. 605",Курортный,Малашкин Андрей Борисович,433-33-53,433-33-53,,"СПб ГБУЗ Детский санаторий ""Звездочка"""
244,Санаторно-курортные учреждения,"188820, Ленинградская обл.,Выборгский район, п. Рощино, ул. Социалистическая, дача адм. Макарова",Ленинградская область,Одинец Светлана Анатольевна,8-813-78-64-947,8-813-78-64-947,,"СПб ГБУЗ Детский пульмонологический санаторий ""Костер"""
245,Санаторно-курортные учреждения,"196601, Санкт-Петербург, г.Пушкин, шоссе Московское,  д. 9",Пушкинский и Павловский,Михайлова Марина Борисовна,476-82-06,466-05-57,,"СПб ГКУЗ Детский туберкулезный санаторий ""Малютка"""
246,Санаторно-курортные учреждения,"197720, Курортный район, г.Зеленогорск, шоссе Приморское,  д. 595",Курортный,Нефедов Николай Владимирович,433-33-54,433-34-56,,"СПб ГБУЗ Детский санаторий ""Пионер""  (психоневрологический)"
247,Санаторно-курортные учреждения,"197733, Санкт-Петербург, п. Комарово, ул. Социалистическая,  д. 2/8 литер А",Курортный,Головко Татьяна Андреевна,433-77-29,433-75-85,,"СПб ГБУЗ Детский психоневрологический санаторий ""Комарово"""
248,Санаторно-курортные учреждения,"188380, п. Вырица, ул. Лесная, д. 15",Ленинградская область,Савёнок Людмила Васильевна,8-813-71-49-807,8-813-71-49-807,,"СПб ГБУЗ Детский санаторий ""Салют"" (пульмонологический)"
249,Санаторно-курортные учреждения,"197739, Санкт-Петербург, Курортный район, п. Солнечное, ул. 2-я Боровая,  д. 6",Курортный,Лаврик Николай Петрович,432-92-13,432-94-03,,"СПб ГБУЗ Детский санаторий ""Солнечное"""
250,Санаторно-курортные учреждения,"188380, Ленинградская обл., п. Вырица, ул. Московская, д. 61, корп. 7",Ленинградская область,Завражных Софья Юрьевна,8-813-71-49580,,,"СПб ГБУЗ Детский санаторий ""Спартак"""
251,Санаторно-курортные учреждения,"198504, Санкт-Петербург, г.Петродворец, пр. Собственный,  д. 9",Петродворцовый,Кулакова Наталья Валерьевна,450-72-51,450-72-51,,"СПб ГКУЗ Детский туберкулезный санаторий ""Петродворец"""
252,Санаторно-курортные учреждения,"197720, Курортный район, п. Ушково, шоссе Приморское,  д. 613",Курортный,Косых Вячеслав Иннокентьевич,433-37-35,433-48-57,,"СПб ГБУЗ Детский санаторий ""Чайка"""
253,Станции скорой медицинской помощи,"191023,  Санкт-Петербург, ул. Малая Садовая, д. 1/25",Центральный,Бойков Алексей Александрович,595-80-58,571-06-12,,"СПб ГБУЗ ""Городская станция скорой медицинской помощи"""
254,Станции скорой медицинской помощи,"196601, Санкт-Петербург,  г.Пушкин, ул. Глинки,  д. 15",Пушкинский и Павловский,Целиков Вячеслав Анатольевич,465-89-44,476-03-12,,"СПб ГБУЗ ""Станция скорой медицинской помощи №4"""
255,Станции скорой медицинской помощи,"196653, Санкт-Петербург, г.Колпино, ул. Вавилова, д. 5, лит.А",Колпинский,Афанасьев Герман Иванович,469-36-58,,,"СПб ГБУЗ ""Станция скорой медицинской помощи Колпинского района"""
256,Станции скорой медицинской помощи,"198516, Санкт-Петербург, г.Петродворец, ул.Морского десанта,  д. 12 литер А",Петродворцовый,Демчук Олег Васильевич,450-75-58,450-75-58,,"СПб ГБУЗ ""Станция скорой медицинской помощи Петродворцового района Санкт-Петербурга"""
257,Учреждения здравоохранения особого типа,"196084, Санкт-Петербург, Московский пр., д.104",Центральный,Красняков Владимир Кириллович,388-12-55,388-12-55,,"СПб ГКУЗ ""Городская станция переливания крови"""
258,Учреждения здравоохранения особого типа,"191023, Санкт-Петербург, ул.Малая Садовая, д.1/ 25, литера А",Центральный,Фролова Алевтина Ивановна,595-80-09,571-70-33,,"СПб ГКУЗ ""Городской центр медицинской профилактики"""
259,Прочие больничные учреждения,"197758, Санкт-Петербург, п.Песочный, ул. Ленинградская, д.68а, лит.А",Курортный,Моисеенко Владимир Михайлович,573-91-91,573-91-91,,"ГБУЗ ""Санкт-Петербургский клинический научно-практический центр специализированных видов медицинской помощи (онкологический)"""
260,Прочие больничные учреждения,"198103, Санкт-Петербург, наб. Обводного канала, д. 179",Адмиралтейский,Беляков Николай Алексеевич,251-08-53,495-99-72,,"СПб ГБУЗ ""Центр по профилактике и борьбе со СПИД и инфекционными заболеваниями"""
261,Санаторно-курортные учреждения,"197701, Санкт-Петербург, г.Сестрорецк, 37-й км Приморского шоссе, дом 1",Курортный,Губина Наталия Борисовна,437-40-04,437-40-04,,"СПб ГБУЗ Детский санаторий - Реабилитационный центр ""Детские Дюны"""
262,Санаторно-курортные учреждения,"198515, Санкт-Петербург, п.Стрельна, Санкт-Петербургское шоссе,  д.101а",Петродворцовый,Дудин Михаил Георгиевич,421-11-45,421-11-45,,"СПб ГБУЗ ВЦДОиТ ""Огонек"""
263,Прочие амбулаторные учреждения,"196135, Санкт-Петербург, ул. Фрунзе, д. 10",Московский,Юрьева Раиса Геннадьевна,388-24-87,388-24-87,,"СПб ГКУЗ ""Городской  центр восстановительного лечения детей с психоневрологическими нарушениями"""
264,Медицинские диагностические центры,"194354, Санкт-Петербург, ул. Сикейроса,  д. 10 литер А",Выборгский,Рюмина Генриэтта Васильевна,296-32-01,296-38-00,,"СПб ГБУЗ ""Городской консультативно-диагностический центр №1"""
265,Медицинские диагностические центры,"191167, Санкт-Петербург, ул. Миргородская, д. 3, лит. Д",Центральный,Вашукова Светлана Степановна,717-70-33,717-56-82,,"СПб ГБУЗ ""Городской консультативно-диагностический центр (вирусологический)"""
266,Медицинские диагностические центры,"191028, Санкт-Петербург, ул.Моховая, д.38",Центральный,Соколов Виталий Олегович,272-33-03,273-25-29,,"СПб ГБУЗ ""Диагностический Центр №7"" (глазной) для взрослого и детского населения"
267,Консультативно - диагностические центры для детей,"194044, Санкт-Петербург, ул.Тобольская, д.5",Выборгский,Романенко Ольга Пантелеймоновна,294-70-01,294-70-01,,"СПб ГКУЗ ""Диагностический центр (медико-генетический)"""
268,Консультативно - диагностические центры для детей,"192289, Санкт-Петербург, ул. О. Дундича, д.36, корп.2",Фрунзенский,Ивашикина Татьяна Михайловна,778-72-40,778-29-43,,СПб ГБУЗ КДЦД
269,Прочие больничные учреждения,"195009, Санкт-Петербург, ул. Комсомола, д. 4",Калининский,Балдин Александр Владимирович,542-99-70,542-99-67,,"СПб ГБУЗ ""Центр планирования семьи и репродукции"""
270,Консультативно - диагностические центры для детей,"190020, Санкт-Петербург, пр. Старо-Петергофский, д. 12",Адмиралтейский,Кротин Павел Наумович,251-22-67,251-22-67,,"СПб ГБУЗ ГКДЦ ""Ювента"""
271,Прочее,"191123, Санкт-Петербург, ул. Захарьевская, д. 8",Центральный,Белов А В,272-10-73,273-57-42,,"СПб ГКУ ""Автобаза скорой и неотложной помощи"""
272,Прочее,"192241, Санкт-Петербург, шоссе Южное, д. 50",Фрунзенский,Дьяконов Юрий Григорьевич,268-68-61,268-91-83,,"СПб ГБУЗ ""Санитарный транспорт"""
273,Прочее,"190005, Санкт-Петербург, наб. реки Фонтанки, д.132",Адмиралтейский,Архипов А Н,406-81-16,406-81-17,,"СПб ГУ ""Стройкомплект"""
274,Учреждение среднего профессионального образования,"192102, Санкт-Петербург, Волковский пр., 106",Фрунзенский,Безуглова Ирина Александровна,766-05-40,766-05-40,,"СПб ГБОУ СПО ""Медицинский техникум №2"""
275,Учреждение среднего профессионального образования,"197183, Санкт-Петербург, ул. Савушкина, д. 5",Приморский,Спиридонова Любовь Николаевна,430-87-10,430-87-10,,"СПб ГБОУ СПО ""Медицинский техникум №9"""
276,Дезинфекционная станция,"195009, Санкт-Петербург, Финский пер.д.4б, лит. А",Калининский,Назаров Владимир Юрьевич,542-56-87,542-56-87,,СПб ГБУЗ «Санкт-Петербургская городская дезинфекционная станция»
277,Учреждение среднего профессионального образования,"191028, Санкт-Петербург, ул. Кирочная, д. 16",Центральный,Регентов Сергей Александрович,272-17-37,273-32-18,,"СПб ГБОУ ""ЦПК СМО №1"""
278,Учреждение среднего профессионального образования,"198188, Санкт-Петербург, ул. Зайцева, д. 28, лит. А",Кировский,Бубликова Ирина Владимировна,786-01-44,786-01-44,,"СПб ГБОУ СПО ""Медицинский колледж №1"""
279,Учреждение среднего профессионального образования,"198205, Санкт-Петербург, ул. Чекистов, д. 18",Красносельский,Ряскин Александр Николаевич,736-75-30,736-75-30,,"СПб ГБОУ СПО ""Медицинский колледж №2"""
280,Учреждение среднего профессионального образования,"194354, Санкт-Петербург, пер. Учебный,  д. 9",Выборгский,Горбачева Мальвина Петровна,510-67-44,510-67-44,,"СПб ГБОУ СПО ""Медицинский колледж №3"""
281,Учреждение среднего профессионального образования,"195269, Санкт-Петербург, ул. Учительская, д. 9, корп. 3",Калининский,Дымченко Леонид Дмитриевич,558-22-22,557-83-05,,"СПб ГБОУ СПО ""Акушерский колледж"""
282,Учреждение среднего профессионального образования,"196247, Санкт-Петербург, пр. Ленинский, д. 149",Московский,Курбатова Ульяна Борисовна,370-93-35,370-93-35,,"СПб ГБОУ СПО ""Медицинский колледж им. В.М. Бехтерева"""
283,Учреждение среднего профессионального образования,"195267, Санкт-Петербург, ул. Ушинского, д. 45",Калининский,Башков Леонид Леонидович,531-16-22,,,"СПб ГБОУ СПО ""Фельдшерский техникум"""
284,Учреждения здравоохранения особого типа,"195067, Санкт-Петербург, пр. Екатерининский, д. 10",Красногвардейский,Лаврентюк Георгий Петрович,544-17-17,545-03-40,,"СПб ГБУЗ ""Бюро судебно-медицинской экспертизы"""
285,Учреждения здравоохранения особого типа,"194354, Санкт-Петербург, пер. Учебный,  д. 5",Выборгский,Ковальский Георгий Борисович,513-60-98,513-60-98,,"СПб ГБУЗ ""Городское патологоанатомическое бюро"""
286,Учреждения здравоохранения особого типа,"198095, Санкт-Петербург, ул. Шкапина, д. 30, литера А",Адмиралтейский,Орлов Геннадий Михайлович,576-22-22,576-22-23,,"СПб ГБУЗ ""Медицинский информационно-аналитический центр"""
287,"Центр ""Резерв""","191014, Санкт-Петербург, ул. Маяковского, д. 5 лит.А",Центральный,Гаврилова Наталья Александровна,579-15-13,,,"СПб ГКУЗ Медицинский центр ""Резерв"""
288,Прочее,"198216 Санкт-Петербург, Ленинский пр., д.140",Кировский,Смирнова Ирина Геннадьевна,376-97-89,376-97-89,,"СПб ГБУЗ ""СЗЦККЛС"""
289,Прочие амбулаторные учреждения,"195269, Санкт-Петербург, ул. Брянцева, д. 5, корп. 2, лит. А",Калининский,Лохова Любовь Алиевна,532-96-13,290-00-71,,"СПб ГБУЗ ""Детский центр восстановительной медицины и реабилитации №3"""
290,Медицинские диагностические центры,"198260, Санкт-Петербург, пр.Ветеранов, д.89, корп.3, литер А",Кировский,Рулёв Сергей Николаевич,755-30-39,368-92-73,,"СПб ГБУЗ ""КДЦ №85"""
